tx_count,unique_senders,unique_receivers,active_pairs,avg_tx_per_sec,max_tx_in_1sec,min_interarrival,std_interarrival,top_sender_share,same_pair_ratio,sender_entropy,sin_hour,cos_hour,rate_deviation,label,attack_type
8,6,1,6,0.133333,1,2,4.985694,0.25,0.25,2.5,-0.707107,-0.707107,-18,0,"normal"
9,6,1,6,0.15,1,2,3.672108,0.222222,0.222222,2.503258,-0.707107,-0.707107,-17,0,"normal"
26,14,1,14,0.433333,1,1,1.352923,0.269231,0.269231,3.454041,0.965926,-0.258819,14,0,"normal"
5,3,1,3,0.083333,1,10,1.785357,0.6,0.6,1.370951,0.965926,0.258819,0,0,"normal"
25,1,1,1,0.416667,1,2,0,1,1,0,-0.258819,0.965926,20,1,"ddos"
30,10,1,10,0.5,1,1,1.29941,0.366667,0.366667,2.801118,0.5,-0.866025,2,0,"normal"
5,5,1,5,0.083333,1,6,3.699662,0.2,0.2,2.321928,0.866025,0.5,1,0,"normal"
6,1,1,1,0.1,1,2,0,1,1,0,-0.866025,0.5,-4,1,"ddos"
10,7,1,7,0.166667,1,2,2.48452,0.2,0.2,2.721928,-0.258819,-0.965926,-24,0,"normal"
14,4,1,4,0.233333,1,1,3.560134,0.571429,0.571429,1.610577,-0.258819,0.965926,9,0,"normal"
14,6,1,6,0.233333,1,1,3.81991,0.5,0.5,2.064043,-0.258819,0.965926,9,0,"normal"
12,12,1,12,0.2,1,1,0,0.083333,0.083333,3.584963,1,0,4,1,"sybil"
31,10,1,10,0.516667,1,1,1.075484,0.258065,0.258065,2.848999,0.866025,-0.5,13,0,"normal"
3,3,1,3,0.05,1,9,5.5,0.333333,0.333333,1.584963,-0.965926,0.258819,-9,0,"normal"
13,5,1,5,0.216667,1,1,6.047842,0.538462,0.538462,1.823026,-0.5,0.866025,7,0,"normal"
14,2,1,2,0.233333,1,1,0.498519,0.5,0.5,1,0.866025,0.5,10,1,"burst"
34,11,1,11,0.566667,1,1,1.094271,0.235294,0.235294,2.994485,0.258819,-0.965926,2,0,"normal"
12,8,1,8,0.2,1,2,2.259964,0.166667,0.166667,2.918296,-0.707107,-0.707107,-14,0,"normal"
6,1,1,1,0.1,1,2,0,1,1,0,-0.707107,0.707107,-2,1,"ddos"
6,1,1,1,0.1,1,2,0,1,1,0,-0.707107,0.707107,-2,1,"ddos"
26,11,1,11,0.433333,1,1,1.592985,0.269231,0.269231,2.982323,0.965926,-0.258819,14,0,"normal"
4,3,1,3,0.066667,1,14,1.414214,0.5,0.5,1.5,-0.965926,-0.258819,-14,0,"normal"
25,9,1,9,0.416667,1,1,1.322219,0.24,0.24,2.778689,0.258819,-0.965926,-7,0,"normal"
9,5,1,5,0.15,1,1,2.52178,0.444444,0.444444,2.058814,0.5,0.866025,4,0,"normal"
6,1,1,1,0.1,1,2,0,1,1,0,-0.707107,0.707107,-2,1,"ddos"
6,5,1,5,0.1,1,6,2.6533,0.333333,0.333333,2.251629,0.965926,-0.258819,-6,0,"normal"
25,1,1,1,0.416667,1,2,0,1,1,0,-0.258819,0.965926,20,1,"ddos"
23,5,1,5,0.383333,1,1,1.330662,0.434783,0.434783,1.634929,0.866025,0.5,19,1,"burst"
6,5,1,5,0.1,1,6,2.683282,0.333333,0.333333,2.251629,0.707107,0.707107,1,0,"normal"
37,13,1,13,0.616667,1,1,1.004235,0.189189,0.189189,3.289573,0.5,-0.866025,9,0,"normal"
9,6,1,6,0.15,1,2,5.722762,0.333333,0.333333,2.419382,0.5,0.866025,4,0,"normal"
14,11,1,11,0.233333,1,2,2.437381,0.142857,0.142857,3.378783,-0.707107,-0.707107,-12,0,"normal"
25,1,1,1,0.416667,1,2,0,1,1,0,-0.258819,0.965926,20,1,"ddos"
24,1,1,1,0.4,1,2,0,1,1,0,-0.5,0.866025,18,1,"ddos"
12,3,1,3,0.2,1,1,8.31607,0.833333,0.833333,0.816689,0,1,8,0,"normal"
19,19,1,19,0.316667,1,1,0,0.052632,0.052632,4.247928,0.965926,-0.258819,7,1,"sybil"
9,9,1,9,0.15,1,4,1.47902,0.111111,0.111111,3.169925,0,-1,-26,0,"normal"
29,11,1,11,0.483333,1,1,1.186661,0.241379,0.241379,3.012264,0.5,-0.866025,1,0,"normal"
11,7,1,7,0.183333,1,2,3.232646,0.272727,0.272727,2.594907,0.258819,0.965926,7,0,"normal"
19,19,1,19,0.316667,1,1,0,0.052632,0.052632,4.247928,1,0,11,1,"sybil"
5,5,1,5,0.083333,1,7,5.09902,0.2,0.2,2.321928,0.866025,0.5,1,0,"normal"
6,6,1,6,0.1,1,6,2.925748,0.166667,0.166667,2.584963,0.965926,0.258819,1,0,"normal"
19,19,1,19,0.316667,1,1,0,0.052632,0.052632,4.247928,1,0,11,1,"sybil"
10,9,1,9,0.166667,1,2,2.042753,0.2,0.2,3.121928,0,-1,-25,0,"normal"
3,3,1,3,0.05,1,22,1.5,0.333333,0.333333,1.584963,-0.965926,-0.258819,-15,0,"normal"
19,19,1,19,0.316667,1,1,0,0.052632,0.052632,4.247928,1,0,11,1,"sybil"
31,10,1,10,0.516667,1,1,1.062492,0.354839,0.354839,2.814893,0.258819,-0.965926,-1,0,"normal"
12,12,1,12,0.2,1,1,0,0.083333,0.083333,3.584963,1,0,4,1,"sybil"
3,2,1,2,0.05,1,9,9,0.666667,0.666667,0.918296,-0.866025,-0.5,-19,0,"normal"
24,1,1,1,0.4,1,2,0,1,1,0,-0.707107,0.707107,16,1,"ddos"
7,4,1,4,0.116667,1,1,7.781745,0.571429,0.571429,1.664498,0.258819,0.965926,3,0,"normal"
10,9,1,9,0.166667,1,3,2.114033,0.2,0.2,3.121928,-0.866025,-0.5,-12,0,"normal"
3,3,1,3,0.05,1,24,0.5,0.333333,0.333333,1.584963,-0.866025,0.5,-7,0,"normal"
10,6,1,6,0.166667,1,1,3.887301,0.5,0.5,2.160964,0.258819,0.965926,6,0,"normal"
9,6,1,6,0.15,1,2,6.905614,0.444444,0.444444,2.281036,-0.258819,0.965926,4,0,"normal"
7,6,1,6,0.116667,1,3,6.63325,0.285714,0.285714,2.521641,-0.5,0.866025,1,0,"normal"
5,1,1,1,0.083333,1,2,0,1,1,0,-0.5,0.866025,-1,1,"ddos"
5,2,1,2,0.083333,1,5,6.63325,0.6,0.6,0.970951,0,-1,-30,0,"normal"
21,3,1,3,0.35,1,1,1.299038,0.47619,0.47619,1.228576,0.5,0.866025,16,1,"burst"
5,1,1,1,0.083333,1,2,0,1,1,0,-0.5,0.866025,-1,1,"ddos"
5,4,1,4,0.083333,1,10,3.354102,0.4,0.4,1.921928,0.866025,0.5,1,0,"normal"
29,11,1,11,0.483333,1,1,1.117463,0.172414,0.172414,3.203699,0.5,-0.866025,1,0,"normal"
40,9,1,9,0.666667,1,1,0.84343,0.15,0.15,3.021596,0.5,-0.866025,12,0,"normal"
3,3,1,3,0.05,1,18,2,0.333333,0.333333,1.584963,-0.866025,0.5,-7,0,"normal"
6,1,1,1,0.1,1,2,0,1,1,0,-0.707107,0.707107,-2,1,"ddos"
14,2,1,2,0.233333,1,1,0.498519,0.5,0.5,1,0.866025,0.5,10,1,"burst"
11,9,1,9,0.183333,1,2,2.135416,0.181818,0.181818,3.095795,-0.5,-0.866025,-19,0,"normal"
10,8,1,8,0.166667,1,3,1.930905,0.2,0.2,2.921928,-0.866025,-0.5,-12,0,"normal"
25,1,1,1,0.416667,1,2,0,1,1,0,-0.258819,0.965926,20,1,"ddos"
9,9,1,9,0.15,1,3,3.864906,0.111111,0.111111,3.169925,0,-1,-26,0,"normal"
3,2,1,2,0.05,1,25,0.5,0.666667,0.666667,0.918296,-0.965926,-0.258819,-15,0,"normal"
4,4,1,4,0.066667,1,12,4.189935,0.25,0.25,2,-0.866025,0.5,-6,0,"normal"
5,4,1,4,0.083333,1,7,6.726812,0.4,0.4,1.921928,0.965926,0.258819,0,0,"normal"
28,11,1,11,0.466667,1,1,1.11972,0.392857,0.392857,2.894372,0.965926,-0.258819,16,0,"normal"
10,7,1,7,0.166667,1,3,3.197221,0.2,0.2,2.721928,-0.866025,-0.5,-12,0,"normal"
3,3,1,3,0.05,1,22,0.5,0.333333,0.333333,1.584963,-0.866025,-0.5,-19,0,"normal"
5,5,1,5,0.083333,1,9,2.384848,0.2,0.2,2.321928,0.965926,-0.258819,-7,0,"normal"
4,4,1,4,0.066667,1,13,0.942809,0.25,0.25,2,0.707107,0.707107,-1,0,"normal"
11,7,1,7,0.183333,1,2,3.44093,0.181818,0.181818,2.732159,-0.258819,-0.965926,-23,0,"normal"
11,9,1,9,0.183333,1,2,2.271563,0.181818,0.181818,3.095795,-0.866025,-0.5,-11,0,"normal"
19,19,1,19,0.316667,1,1,0,0.052632,0.052632,4.247928,0.965926,-0.258819,7,1,"sybil"
6,5,1,5,0.1,1,6,4.498889,0.333333,0.333333,2.251629,1,0,-2,0,"normal"
5,4,1,4,0.083333,1,8,2.692582,0.4,0.4,1.921928,0.866025,0.5,1,0,"normal"
13,4,1,4,0.216667,1,1,4.517712,0.615385,0.615385,1.488525,0.258819,0.965926,9,0,"normal"
6,5,1,5,0.1,1,2,10.091581,0.333333,0.333333,2.251629,0.258819,0.965926,2,0,"normal"
6,5,1,5,0.1,1,6,4.069398,0.333333,0.333333,2.251629,0.866025,0.5,2,0,"normal"
3,3,1,3,0.05,1,14,7.5,0.333333,0.333333,1.584963,-1,0,-12,0,"normal"
24,8,1,8,0.4,1,1,2.39328,0.458333,0.458333,2.180578,0.965926,-0.258819,12,0,"normal"
11,8,1,8,0.183333,1,2,2.181742,0.181818,0.181818,2.913977,-0.5,-0.866025,-19,0,"normal"
29,11,1,11,0.483333,1,1,1.792843,0.241379,0.241379,3.150195,0.258819,-0.965926,-3,0,"normal"
24,1,1,1,0.4,1,2,0,1,1,0,-0.707107,0.707107,16,1,"ddos"
19,19,1,19,0.316667,1,1,0,0.052632,0.052632,4.247928,0.965926,0.258819,14,1,"sybil"
19,19,1,19,0.316667,1,1,0,0.052632,0.052632,4.247928,0.965926,-0.258819,7,1,"sybil"
12,9,1,9,0.2,1,2,1.94554,0.166667,0.166667,3.084963,-0.707107,-0.707107,-14,0,"normal"
8,8,1,8,0.133333,1,3,4.370588,0.125,0.125,3,-0.5,-0.866025,-22,0,"normal"
6,1,1,1,0.1,1,2,0,1,1,0,-0.5,0.866025,0,1,"ddos"
11,6,1,6,0.183333,1,2,3.32265,0.363636,0.363636,2.368523,-0.258819,0.965926,6,0,"normal"
3,3,1,3,0.05,1,15,6,0.333333,0.333333,1.584963,-1,0,-12,0,"normal"
24,1,1,1,0.4,1,2,0,1,1,0,-0.5,0.866025,18,1,"ddos"
11,8,1,8,0.183333,1,2,2.95973,0.181818,0.181818,2.913977,0,-1,-24,0,"normal"
6,5,1,5,0.1,1,7,2.154066,0.333333,0.333333,2.251629,0.866025,0.5,2,0,"normal"
8,8,1,8,0.133333,1,1,0,0.125,0.125,3,0.965926,-0.258819,-4,1,"sybil"
5,5,1,5,0.083333,1,8,3.082207,0.2,0.2,2.321928,0.707107,0.707107,0,0,"normal"
5,5,1,5,0.083333,1,7,2.165064,0.2,0.2,2.321928,1,0,-3,0,"normal"
5,5,1,5,0.083333,1,9,1.920286,0.2,0.2,2.321928,0.707107,0.707107,0,0,"normal"
3,3,1,3,0.05,1,10,3,0.333333,0.333333,1.584963,-0.866025,-0.5,-19,0,"normal"
22,4,1,4,0.366667,1,1,1.411003,0.454545,0.454545,1.439497,0.866025,0.5,18,1,"burst"
19,19,1,19,0.316667,1,1,0,0.052632,0.052632,4.247928,1,0,11,1,"sybil"
12,3,1,3,0.2,1,1,5.77398,0.666667,0.666667,1.188722,-0.258819,0.965926,7,0,"normal"
3,3,1,3,0.05,1,24,0.5,0.333333,0.333333,1.584963,-0.965926,-0.258819,-15,0,"normal"
16,7,1,7,0.266667,1,1,2.963481,0.5,0.5,2.20282,-0.5,0.866025,10,0,"normal"
14,5,1,5,0.233333,1,1,3.843076,0.5,0.5,1.832249,0,1,10,0,"normal"
9,6,1,6,0.15,1,2,3.230712,0.333333,0.333333,2.419382,-0.707107,0.707107,1,0,"normal"
13,2,1,2,0.216667,1,1,0.5,0.538462,0.538462,0.995727,0.707107,0.707107,8,1,"burst"
19,6,1,6,0.316667,1,1,2.738049,0.473684,0.473684,1.93008,0.258819,0.965926,15,0,"normal"
10,7,1,7,0.166667,1,2,2.357023,0.2,0.2,2.721928,-0.258819,-0.965926,-24,0,"normal"
10,6,1,6,0.166667,1,1,4.148479,0.5,0.5,2.160964,0.5,0.866025,5,0,"normal"
5,5,1,5,0.083333,1,8,1.802776,0.2,0.2,2.321928,0.866025,0.5,1,0,"normal"
9,7,1,7,0.15,1,2,3.5,0.222222,0.222222,2.725481,-0.707107,-0.707107,-17,0,"normal"
19,19,1,19,0.316667,1,1,0,0.052632,0.052632,4.247928,1,0,11,1,"sybil"
4,4,1,4,0.066667,1,5,0.471405,0.25,0.25,2,0.965926,0.258819,-1,1,"burst"
5,1,1,1,0.083333,1,2,0,1,1,0,-0.258819,0.965926,0,1,"ddos"
3,2,1,2,0.05,1,14,10,0.666667,0.666667,0.918296,0.707107,0.707107,-2,0,"normal"
10,2,1,2,0.166667,1,1,8.341478,0.8,0.8,0.721928,0.258819,0.965926,6,0,"normal"
23,5,1,5,0.383333,1,1,1.477098,0.434783,0.434783,1.634929,0.965926,0.258819,18,1,"burst"
12,5,1,5,0.2,1,1,1.354515,0.416667,0.416667,1.950826,0.707107,0.707107,7,1,"burst"
10,7,1,7,0.166667,1,3,2.44949,0.2,0.2,2.721928,-0.258819,-0.965926,-24,0,"normal"
15,5,1,5,0.25,1,1,1.665986,0.4,0.4,1.838921,0.965926,0.258819,10,1,"burst"
34,11,1,11,0.566667,1,1,1.231661,0.205882,0.205882,3.023321,0.5,-0.866025,6,0,"normal"
6,2,1,2,0.1,1,3,6.273755,0.666667,0.666667,0.918296,0,-1,-29,0,"normal"
25,1,1,1,0.416667,1,2,0,1,1,0,0,1,21,1,"ddos"
25,1,1,1,0.416667,1,2,0,1,1,0,-0.258819,0.965926,20,1,"ddos"
10,7,1,7,0.166667,1,2,5.977323,0.3,0.3,2.646439,-0.5,0.866025,4,0,"normal"
4,4,1,4,0.066667,1,11,1.247219,0.25,0.25,2,-1,0,-11,0,"normal"
6,1,1,1,0.1,1,2,0,1,1,0,-0.707107,0.707107,-2,1,"ddos"
5,5,1,5,0.083333,1,9,2.277608,0.2,0.2,2.321928,1,0,-3,0,"normal"
28,11,1,11,0.466667,1,1,1.051487,0.214286,0.214286,3.1115,0.5,-0.866025,0,0,"normal"
7,5,1,5,0.116667,1,2,7.711824,0.285714,0.285714,2.235926,0.707107,0.707107,2,0,"normal"
19,19,1,19,0.316667,1,1,0,0.052632,0.052632,4.247928,1,0,11,1,"sybil"
19,19,1,19,0.316667,1,1,0,0.052632,0.052632,4.247928,1,0,11,1,"sybil"
10,8,1,8,0.166667,1,2,2.960647,0.2,0.2,2.921928,0,-1,-25,0,"normal"
11,4,1,4,0.183333,1,1,6.236185,0.454545,0.454545,1.676737,0,1,7,0,"normal"
31,10,1,10,0.516667,1,1,1.135782,0.354839,0.354839,2.771506,0.707107,-0.707107,9,0,"normal"
7,7,1,7,0.116667,1,7,2.217356,0.142857,0.142857,2.807355,1,0,-1,0,"normal"
3,3,1,3,0.05,1,9,0.5,0.333333,0.333333,1.584963,0.707107,0.707107,-2,0,"normal"
11,7,1,7,0.183333,1,2,2.3,0.181818,0.181818,2.732159,-0.5,-0.866025,-19,0,"normal"
14,7,1,7,0.233333,1,1,2.734829,0.285714,0.285714,2.521641,0.5,0.866025,9,0,"normal"
24,1,1,1,0.4,1,2,0,1,1,0,-0.866025,0.5,14,1,"ddos"
5,1,1,1,0.083333,1,2,0,1,1,0,-0.258819,0.965926,0,1,"ddos"
6,1,1,1,0.1,1,2,0,1,1,0,-0.707107,0.707107,-2,1,"ddos"
26,13,1,13,0.433333,1,1,1.058301,0.192308,0.192308,3.45565,0.965926,-0.258819,14,0,"normal"
32,11,1,11,0.533333,1,1,1.155901,0.21875,0.21875,2.991229,0.5,-0.866025,4,0,"normal"
24,1,1,1,0.4,1,2,0,1,1,0,-0.5,0.866025,18,1,"ddos"
33,10,1,10,0.55,1,1,1.145644,0.212121,0.212121,2.907356,0.258819,-0.965926,1,0,"normal"
19,19,1,19,0.316667,1,1,0,0.052632,0.052632,4.247928,0.965926,-0.258819,7,1,"sybil"
18,3,1,3,0.3,1,1,3.872537,0.388889,0.388889,1.541982,-0.258819,0.965926,13,0,"normal"
16,7,1,7,0.266667,1,1,3.343983,0.5,0.5,2.25,0,1,12,0,"normal"
8,5,1,5,0.133333,1,1,9.766666,0.375,0.375,2.155639,0.258819,0.965926,4,0,"normal"
23,5,1,5,0.383333,1,1,1.445998,0.434783,0.434783,1.634929,0.707107,0.707107,18,1,"burst"
6,2,1,2,0.1,1,1,0.489898,0.5,0.5,1,0.707107,0.707107,1,1,"burst"
3,3,1,3,0.05,1,12,5,0.333333,0.333333,1.584963,-0.965926,-0.258819,-15,0,"normal"
10,9,1,9,0.166667,1,3,2.748737,0.2,0.2,3.121928,-0.258819,-0.965926,-24,0,"normal"
10,5,1,5,0.166667,1,2,4.021547,0.4,0.4,2.046439,-0.5,0.866025,4,0,"normal"
3,3,1,3,0.05,1,4,0,0.333333,0.333333,1.584963,0.707107,0.707107,-2,1,"burst"
24,1,1,1,0.4,1,2,0,1,1,0,-0.707107,0.707107,16,1,"ddos"
10,8,1,8,0.166667,1,2,2.330686,0.2,0.2,2.921928,-0.707107,-0.707107,-16,0,"normal"
5,5,1,5,0.083333,1,7,3.344772,0.2,0.2,2.321928,1,0,-3,0,"normal"
11,11,1,11,0.183333,1,3,2.844293,0.090909,0.090909,3.459432,0,-1,-24,0,"normal"
24,11,1,11,0.4,1,1,1.555526,0.25,0.25,3.177694,0.5,-0.866025,-4,0,"normal"
29,14,1,14,0.483333,1,1,1.046739,0.275862,0.275862,3.34074,0.965926,-0.258819,17,0,"normal"
24,1,1,1,0.4,1,2,0,1,1,0,-0.707107,0.707107,16,1,"ddos"
25,8,1,8,0.416667,1,1,2.463272,0.4,0.4,2.450699,0.258819,-0.965926,-7,0,"normal"
15,4,1,4,0.25,1,1,4.382246,0.666667,0.666667,1.375279,-0.258819,0.965926,10,0,"normal"
20,5,1,5,0.333333,1,1,1.256562,0.45,0.45,1.695462,0.866025,0.5,16,1,"burst"
6,5,1,5,0.1,1,8,1.549193,0.333333,0.333333,2.251629,1,0,-2,0,"normal"
5,4,1,4,0.083333,1,3,9.093267,0.4,0.4,1.921928,0,1,1,0,"normal"
24,1,1,1,0.4,1,2,0,1,1,0,-0.707107,0.707107,16,1,"ddos"
9,7,1,7,0.15,1,3,3,0.222222,0.222222,2.725481,-0.258819,-0.965926,-25,0,"normal"
23,5,1,5,0.383333,1,1,1.414214,0.434783,0.434783,1.634929,0.707107,0.707107,18,1,"burst"
3,3,1,3,0.05,1,10,3.5,0.333333,0.333333,1.584963,-0.965926,-0.258819,-15,0,"normal"
9,7,1,7,0.15,1,2,2.277608,0.222222,0.222222,2.725481,0,-1,-26,0,"normal"
5,4,1,4,0.083333,1,9,1.920286,0.4,0.4,1.921928,0.707107,0.707107,0,0,"normal"
28,9,1,9,0.466667,1,1,1.137948,0.428571,0.428571,2.502736,0.5,-0.866025,0,0,"normal"
27,12,1,12,0.45,1,1,1.449852,0.222222,0.222222,3.203987,0.258819,-0.965926,-5,0,"normal"
3,3,1,3,0.05,1,14,4.5,0.333333,0.333333,1.584963,-1,0,-12,0,"normal"
10,4,1,4,0.166667,1,1,3.231787,0.4,0.4,1.846439,0,1,6,0,"normal"
10,9,1,9,0.166667,1,2,2.44949,0.2,0.2,3.121928,-0.866025,-0.5,-12,0,"normal"
24,1,1,1,0.4,1,2,0,1,1,0,-0.866025,0.5,14,1,"ddos"
3,2,1,2,0.05,1,1,0.5,0.666667,0.666667,0.918296,0.866025,0.5,-1,1,"burst"
9,5,1,5,0.15,1,1,9.460444,0.444444,0.444444,2.058814,-0.5,0.866025,3,0,"normal"
10,8,1,8,0.166667,1,3,2.148787,0.2,0.2,2.921928,-0.258819,-0.965926,-24,0,"normal"
19,19,1,19,0.316667,1,1,0,0.052632,0.052632,4.247928,1,0,11,1,"sybil"
4,4,1,4,0.066667,1,13,7.586538,0.25,0.25,2,-0.866025,0.5,-6,0,"normal"
14,6,1,6,0.233333,1,1,3.697112,0.5,0.5,2.117963,-0.5,0.866025,8,0,"normal"
10,4,1,4,0.166667,1,1,3.314763,0.7,0.7,1.35678,-0.5,0.866025,4,0,"normal"
17,8,1,8,0.283333,1,1,3.427827,0.529412,0.529412,2.29162,-0.5,0.866025,11,0,"normal"
26,3,1,3,0.433333,1,1,2.602768,0.384615,0.384615,1.576621,-0.258819,0.965926,21,0,"normal"
4,3,1,3,0.066667,1,9,7.118052,0.5,0.5,1.5,0.965926,0.258819,-1,0,"normal"
27,14,1,14,0.45,1,1,1.133148,0.259259,0.259259,3.406503,0.5,-0.866025,-1,0,"normal"
31,11,1,11,0.516667,1,1,1.196755,0.225806,0.225806,3.121527,0.707107,-0.707107,9,0,"normal"
11,6,1,6,0.183333,1,1,3.606938,0.454545,0.454545,2.222192,0.258819,0.965926,7,0,"normal"
24,10,1,10,0.4,1,1,1.410198,0.208333,0.208333,3.069774,0.258819,-0.965926,-8,0,"normal"
18,2,1,2,0.3,1,1,0.499134,0.5,0.5,1,0.965926,0.258819,13,1,"burst"
11,9,1,9,0.183333,1,3,2.764055,0.181818,0.181818,3.095795,-0.707107,-0.707107,-15,0,"normal"
23,5,1,5,0.383333,1,1,1.445998,0.434783,0.434783,1.634929,0.707107,0.707107,18,1,"burst"
3,3,1,3,0.05,1,11,9.5,0.333333,0.333333,1.584963,-0.965926,0.258819,-9,0,"normal"
25,1,1,1,0.416667,1,2,0,1,1,0,-0.5,0.866025,19,1,"ddos"
25,1,1,1,0.416667,1,2,0,1,1,0,-0.258819,0.965926,20,1,"ddos"
14,2,1,2,0.233333,1,1,0.498519,0.5,0.5,1,0.866025,0.5,10,1,"burst"
5,5,1,5,0.083333,1,10,3.960745,0.2,0.2,2.321928,1,0,-3,0,"normal"
5,3,1,3,0.083333,1,10,1,0.6,0.6,1.370951,0.965926,-0.258819,-7,0,"normal"
26,11,1,11,0.433333,1,1,1.680952,0.307692,0.307692,2.92103,0.5,-0.866025,-2,0,"normal"
23,5,1,5,0.383333,1,1,1.414214,0.434783,0.434783,1.634929,0.866025,0.5,19,1,"burst"
13,7,1,7,0.216667,1,1,2.763854,0.384615,0.384615,2.44163,0,1,9,0,"normal"
7,4,1,4,0.116667,1,1,7.335227,0.571429,0.571429,1.664498,-0.258819,0.965926,2,0,"normal"
31,11,1,11,0.516667,1,1,1.209224,0.193548,0.193548,3.195186,0.5,-0.866025,3,0,"normal"
12,12,1,12,0.2,1,1,0,0.083333,0.083333,3.584963,1,0,4,1,"sybil"
11,8,1,8,0.183333,1,2,2.154066,0.181818,0.181818,2.913977,-0.866025,-0.5,-11,0,"normal"
25,13,1,13,0.416667,1,1,1.522402,0.28,0.28,3.347601,0.866025,-0.5,7,0,"normal"
19,9,1,9,0.316667,1,1,1.985285,0.263158,0.263158,2.860321,0.866025,-0.5,1,0,"normal"
5,3,1,3,0.083333,1,7,3.112475,0.4,0.4,1.521928,0.866025,0.5,1,0,"normal"
6,4,1,4,0.1,1,6,1.788854,0.333333,0.333333,1.918296,0.866025,0.5,2,0,"normal"
23,4,1,4,0.383333,1,1,1.099399,0.434783,0.434783,1.547972,0.707107,0.707107,18,1,"burst"
7,5,1,5,0.116667,1,1,2.211083,0.285714,0.285714,2.235926,0.707107,0.707107,2,1,"burst"
3,2,1,2,0.05,1,1,0.5,0.666667,0.666667,0.918296,0.866025,0.5,-1,1,"burst"
4,3,1,3,0.066667,1,13,0.942809,0.5,0.5,1.5,0.866025,0.5,0,0,"normal"
17,7,1,7,0.283333,1,1,2.754967,0.470588,0.470588,2.278352,0,1,13,0,"normal"
32,10,1,10,0.533333,1,1,1.400907,0.21875,0.21875,3.050608,0.258819,-0.965926,0,0,"normal"
15,4,1,4,0.25,1,1,3.798496,0.466667,0.466667,1.562807,-0.5,0.866025,9,0,"normal"
18,5,1,5,0.3,1,1,1.580592,0.444444,0.444444,1.744843,0.5,0.866025,13,1,"burst"
24,1,1,1,0.4,1,2,0,1,1,0,-0.707107,0.707107,16,1,"ddos"
5,3,1,3,0.083333,1,2,9.513149,0.6,0.6,1.370951,-0.5,0.866025,-1,0,"normal"
19,19,1,19,0.316667,1,1,0,0.052632,0.052632,4.247928,0.965926,-0.258819,7,1,"sybil"
6,2,1,2,0.1,1,1,17.104385,0.833333,0.833333,0.650022,-0.5,0.866025,0,0,"normal"
4,3,1,3,0.066667,1,16,1.885618,0.5,0.5,1.5,-0.866025,-0.5,-18,0,"normal"
19,19,1,19,0.316667,1,1,0,0.052632,0.052632,4.247928,1,0,11,1,"sybil"
25,1,1,1,0.416667,1,2,0,1,1,0,-0.258819,0.965926,20,1,"ddos"
24,1,1,1,0.4,1,2,0,1,1,0,-0.707107,0.707107,16,1,"ddos"
19,19,1,19,0.316667,1,1,0,0.052632,0.052632,4.247928,0.965926,-0.258819,7,1,"sybil"
11,8,1,8,0.183333,1,2,4.691482,0.181818,0.181818,2.913977,-0.707107,-0.707107,-15,0,"normal"
7,2,1,2,0.116667,1,3,4.109609,0.714286,0.714286,0.863121,0,-1,-28,0,"normal"
11,8,1,8,0.183333,1,2,2.4,0.181818,0.181818,2.913977,-0.707107,0.707107,3,0,"normal"
7,7,1,7,0.116667,1,1,0,0.142857,0.142857,2.807355,1,0,-1,1,"sybil"
23,14,1,14,0.383333,1,1,1.556777,0.217391,0.217391,3.584012,0.866025,-0.5,5,0,"normal"
9,6,1,6,0.15,1,2,3.199121,0.222222,0.222222,2.503258,0,1,5,0,"normal"
9,7,1,7,0.15,1,2,2.781074,0.222222,0.222222,2.725481,-0.258819,-0.965926,-25,0,"normal"
5,4,1,4,0.083333,1,7,4.031129,0.4,0.4,1.921928,1,0,-3,0,"normal"
22,9,1,9,0.366667,1,1,2.535016,0.272727,0.272727,2.828781,0.866025,-0.5,4,0,"normal"
3,3,1,3,0.05,1,11,0.5,0.333333,0.333333,1.584963,-0.866025,0.5,-7,0,"normal"
3,3,1,3,0.05,1,12,5,0.333333,0.333333,1.584963,-1,0,-12,0,"normal"
3,3,1,3,0.05,1,20,0.5,0.333333,0.333333,1.584963,-1,0,-12,0,"normal"
6,1,1,1,0.1,1,2,0,1,1,0,-0.707107,0.707107,-2,1,"ddos"
4,4,1,4,0.066667,1,9,2.624669,0.25,0.25,2,0.965926,0.258819,-1,0,"normal"
4,3,1,3,0.066667,1,10,1.885618,0.5,0.5,1.5,0.965926,0.258819,-1,0,"normal"
32,12,1,12,0.533333,1,1,1.080525,0.21875,0.21875,3.096481,0.866025,-0.5,14,0,"normal"
24,11,1,11,0.4,1,1,1.276515,0.208333,0.208333,3.236441,0.707107,-0.707107,2,0,"normal"
7,6,1,6,0.116667,1,7,2.291288,0.285714,0.285714,2.521641,0.866025,0.5,3,0,"normal"
23,10,1,10,0.383333,1,1,2.553559,0.217391,0.217391,3.062273,0.866025,-0.5,5,0,"normal"
3,3,1,3,0.05,1,14,0.5,0.333333,0.333333,1.584963,-1,0,-12,0,"normal"
5,1,1,1,0.083333,1,2,0,1,1,0,-0.258819,0.965926,0,1,"ddos"
32,9,1,9,0.533333,1,1,1.022128,0.28125,0.28125,2.764098,0.5,-0.866025,4,0,"normal"
26,14,1,14,0.433333,1,1,1.348184,0.192308,0.192308,3.484684,0.866025,-0.5,8,0,"normal"
3,3,1,3,0.05,1,13,6.5,0.333333,0.333333,1.584963,-1,0,-12,0,"normal"
23,5,1,5,0.383333,1,1,1.330662,0.434783,0.434783,1.634929,0.965926,0.258819,18,1,"burst"
24,10,1,10,0.4,1,1,1.908096,0.291667,0.291667,2.865749,0.866025,-0.5,6,0,"normal"
8,7,1,7,0.133333,1,3,2,0.25,0.25,2.75,-0.258819,-0.965926,-26,0,"normal"
3,3,1,3,0.05,1,5,0.5,0.333333,0.333333,1.584963,0.965926,0.258819,-2,1,"burst"
10,7,1,7,0.166667,1,2,2.108185,0.2,0.2,2.721928,-0.5,-0.866025,-20,0,"normal"
4,3,1,3,0.066667,1,10,5.557777,0.5,0.5,1.5,0.866025,0.5,0,0,"normal"
6,4,1,4,0.1,1,7,2.497999,0.333333,0.333333,1.918296,0.965926,0.258819,1,0,"normal"
4,2,1,2,0.066667,1,7,0.471405,0.5,0.5,1,0,-1,-31,0,"normal"
10,4,1,4,0.166667,1,1,3.370167,0.7,0.7,1.35678,0,1,6,0,"normal"
23,5,1,5,0.383333,1,1,1.202614,0.434783,0.434783,1.634929,0.707107,0.707107,18,1,"burst"
29,11,1,11,0.483333,1,1,1.131641,0.206897,0.206897,3.098686,0.707107,-0.707107,7,0,"normal"
6,6,1,6,0.1,1,6,3.2,0.166667,0.166667,2.584963,1,0,-2,0,"normal"
24,1,1,1,0.4,1,2,0,1,1,0,-0.707107,0.707107,16,1,"ddos"
3,3,1,3,0.05,1,16,5.5,0.333333,0.333333,1.584963,-1,0,-12,0,"normal"
31,12,1,12,0.516667,1,1,1.181336,0.225806,0.225806,3.236096,0.5,-0.866025,3,0,"normal"
28,14,1,14,0.466667,1,1,1.296825,0.178571,0.178571,3.55309,0.5,-0.866025,0,0,"normal"
25,1,1,1,0.416667,1,2,0,1,1,0,-0.5,0.866025,19,1,"ddos"
11,3,1,3,0.183333,1,1,5.834381,0.727273,0.727273,1.095795,0.258819,0.965926,7,0,"normal"
4,4,1,4,0.066667,1,5,0.471405,0.25,0.25,2,0,-1,-31,0,"normal"
24,1,1,1,0.4,1,2,0,1,1,0,-0.5,0.866025,18,1,"ddos"
4,4,1,4,0.066667,1,14,2.624669,0.25,0.25,2,-0.965926,-0.258819,-14,0,"normal"
6,1,1,1,0.1,1,2,0,1,1,0,-0.866025,0.5,-4,1,"ddos"
31,11,1,11,0.516667,1,1,1.196755,0.193548,0.193548,3.066154,0.707107,-0.707107,9,0,"normal"
16,8,1,8,0.266667,1,1,2.612789,0.4375,0.4375,2.474602,0.5,0.866025,11,0,"normal"
5,5,1,5,0.083333,1,7,3.112475,0.2,0.2,2.321928,0.965926,0.258819,0,0,"normal"
11,5,1,5,0.183333,1,1,3.487119,0.545455,0.545455,1.867634,0,1,7,0,"normal"
3,3,1,3,0.05,1,14,6.5,0.333333,0.333333,1.584963,-0.965926,-0.258819,-15,0,"normal"
3,2,1,2,0.05,1,13,5,0.666667,0.666667,0.918296,-0.965926,-0.258819,-15,0,"normal"
10,7,1,7,0.166667,1,2,4.109609,0.2,0.2,2.721928,-0.258819,-0.965926,-24,0,"normal"
15,5,1,5,0.25,1,1,1.40698,0.4,0.4,1.838921,0.866025,0.5,11,1,"burst"
25,12,1,12,0.416667,1,1,1.221907,0.16,0.16,3.363856,0.707107,-0.707107,3,0,"normal"
13,5,1,5,0.216667,1,1,4.997221,0.615385,0.615385,1.70044,0.5,0.866025,8,0,"normal"
15,4,1,4,0.25,1,1,3.149344,0.533333,0.533333,1.640224,0,1,11,0,"normal"
9,5,1,5,0.15,1,2,4.1833,0.444444,0.444444,2.058814,-0.5,0.866025,3,0,"normal"
4,3,1,3,0.066667,1,11,1.632993,0.5,0.5,1.5,0.866025,0.5,0,0,"normal"
9,7,1,7,0.15,1,2,4.736824,0.222222,0.222222,2.725481,-0.866025,-0.5,-13,0,"normal"
11,11,1,11,0.183333,1,1,0,0.090909,0.090909,3.459432,0.965926,-0.258819,-1,1,"sybil"
6,6,1,6,0.1,1,7,2.993326,0.166667,0.166667,2.584963,0.707107,0.707107,1,0,"normal"
25,1,1,1,0.416667,1,2,0,1,1,0,-0.258819,0.965926,20,1,"ddos"
9,5,1,5,0.15,1,1,4.123106,0.444444,0.444444,2.058814,0.5,0.866025,4,0,"normal"
11,7,1,7,0.183333,1,2,3.067572,0.181818,0.181818,2.732159,-0.866025,-0.5,-11,0,"normal"
12,9,1,9,0.2,1,2,1.958242,0.166667,0.166667,3.084963,0,-1,-23,0,"normal"
5,1,1,1,0.083333,1,2,0,1,1,0,-0.5,0.866025,-1,1,"ddos"
26,15,1,15,0.433333,1,1,1.195993,0.230769,0.230769,3.613337,0.866025,-0.5,8,0,"normal"
9,5,1,5,0.15,1,1,4.821825,0.333333,0.333333,2.19716,0.258819,0.965926,5,0,"normal"
6,1,1,1,0.1,1,2,0,1,1,0,-0.5,0.866025,0,1,"ddos"
8,6,1,6,0.133333,1,2,3.162278,0.25,0.25,2.5,-0.258819,-0.965926,-26,0,"normal"
29,11,1,11,0.483333,1,1,1.25153,0.275862,0.275862,2.89179,0,-1,-6,0,"normal"
8,5,1,5,0.133333,1,2,2.547508,0.25,0.25,2.25,-0.258819,-0.965926,-26,0,"normal"
6,5,1,5,0.1,1,7,1.854724,0.333333,0.333333,2.251629,0.866025,0.5,2,0,"normal"
24,1,1,1,0.4,1,2,0,1,1,0,-0.707107,0.707107,16,1,"ddos"
9,8,1,8,0.15,1,2,2.817357,0.222222,0.222222,2.947703,-0.258819,-0.965926,-25,0,"normal"
4,3,1,3,0.066667,1,12,3.858612,0.5,0.5,1.5,-1,0,-11,0,"normal"
37,12,1,12,0.616667,1,1,1.112499,0.243243,0.243243,3.185993,0.258819,-0.965926,5,0,"normal"
10,8,1,8,0.166667,1,2,2.671292,0.2,0.2,2.921928,-0.707107,-0.707107,-16,0,"normal"
8,7,1,7,0.133333,1,2,3.194383,0.25,0.25,2.75,-0.5,-0.866025,-22,0,"normal"
24,1,1,1,0.4,1,2,0,1,1,0,-0.866025,0.5,14,1,"ddos"
6,1,1,1,0.1,1,2,0,1,1,0,-0.866025,0.5,-4,1,"ddos"
5,1,1,1,0.083333,1,2,0,1,1,0,-0.258819,0.965926,0,1,"ddos"
11,5,1,5,0.183333,1,2,3.46987,0.363636,0.363636,2.118078,-0.258819,0.965926,6,0,"normal"
9,7,1,7,0.15,1,2,3.905125,0.222222,0.222222,2.725481,-0.707107,-0.707107,-17,0,"normal"
22,12,1,12,0.366667,1,1,1.650946,0.227273,0.227273,3.351953,0.965926,-0.258819,10,0,"normal"
11,9,1,9,0.183333,1,2,2.315167,0.181818,0.181818,3.095795,-0.258819,-0.965926,-23,0,"normal"
13,11,1,11,0.216667,1,2,1.490712,0.153846,0.153846,3.392747,-0.5,-0.866025,-17,0,"normal"
8,8,1,8,0.133333,1,1,0,0.125,0.125,3,0.965926,-0.258819,-4,1,"sybil"
3,3,1,3,0.05,1,16,6.5,0.333333,0.333333,1.584963,-1,0,-12,0,"normal"
12,12,1,12,0.2,1,1,0,0.083333,0.083333,3.584963,1,0,4,1,"sybil"
7,7,1,7,0.116667,1,6,1.213352,0.142857,0.142857,2.807355,0.866025,0.5,3,0,"normal"
24,1,1,1,0.4,1,2,0,1,1,0,-0.707107,0.707107,16,1,"ddos"
13,13,1,13,0.216667,1,1,0.552771,0.076923,0.076923,3.70044,1,0,5,1,"sybil"
14,2,1,2,0.233333,1,1,0.498519,0.5,0.5,1,0.707107,0.707107,9,1,"burst"
20,2,1,2,0.333333,1,1,0.499307,0.5,0.5,1,0.707107,0.707107,15,1,"burst"
22,4,1,4,0.366667,1,1,1.444357,0.454545,0.454545,1.439497,0.965926,0.258819,17,1,"burst"
4,4,1,4,0.066667,1,9,2.054805,0.25,0.25,2,0.965926,0.258819,-1,0,"normal"
19,5,1,5,0.316667,1,1,1.559519,0.421053,0.421053,1.721612,0.866025,0.5,15,1,"burst"
3,3,1,3,0.05,1,12,1.5,0.333333,0.333333,1.584963,-1,0,-12,0,"normal"
8,6,1,6,0.133333,1,2,2.813959,0.25,0.25,2.5,-0.5,-0.866025,-22,0,"normal"
3,3,1,3,0.05,1,19,2.5,0.333333,0.333333,1.584963,-0.965926,0.258819,-9,0,"normal"
6,5,1,5,0.1,1,7,1.624808,0.333333,0.333333,2.251629,1,0,-2,0,"normal"
3,3,1,3,0.05,1,12,2,0.333333,0.333333,1.584963,-0.866025,0.5,-7,0,"normal"
31,9,1,9,0.516667,1,1,1.110055,0.290323,0.290323,2.637026,0.965926,-0.258819,19,0,"normal"
3,2,1,2,0.05,1,1,5,0.666667,0.666667,0.918296,0,1,-1,0,"normal"
11,2,1,2,0.183333,1,1,0.5,0.545455,0.545455,0.99403,0.707107,0.707107,6,1,"burst"
11,8,1,8,0.183333,1,2,2.537716,0.181818,0.181818,2.913977,0,-1,-24,0,"normal"
3,3,1,3,0.05,1,24,1,0.333333,0.333333,1.584963,-1,0,-12,0,"normal"
9,2,1,2,0.15,1,1,0.5,0.555556,0.555556,0.991076,0.965926,0.258819,4,1,"burst"
5,1,1,1,0.083333,1,2,0,1,1,0,-0.5,0.866025,-1,1,"ddos"
5,5,1,5,0.083333,1,7,3.316625,0.2,0.2,2.321928,0.866025,0.5,1,0,"normal"
6,1,1,1,0.1,1,2,0,1,1,0,-0.707107,0.707107,-2,1,"ddos"
7,5,1,5,0.116667,1,3,4.716991,0.428571,0.428571,2.128085,0,1,3,0,"normal"
29,13,1,13,0.483333,1,1,1.051602,0.275862,0.275862,3.259204,0.707107,-0.707107,7,0,"normal"
20,2,1,2,0.333333,1,1,0.499307,0.5,0.5,1,0.965926,0.258819,15,1,"burst"
10,6,1,6,0.166667,1,1,6.093915,0.3,0.3,2.446439,0.5,0.866025,5,0,"normal"
6,1,1,1,0.1,1,2,0,1,1,0,-0.707107,0.707107,-2,1,"ddos"
3,3,1,3,0.05,1,17,3,0.333333,0.333333,1.584963,-1,0,-12,0,"normal"
3,3,1,3,0.05,1,16,5,0.333333,0.333333,1.584963,-1,0,-12,0,"normal"
11,8,1,8,0.183333,1,2,2.282542,0.181818,0.181818,2.913977,-0.5,-0.866025,-19,0,"normal"
6,6,1,6,0.1,1,6,2.607681,0.166667,0.166667,2.584963,0.866025,0.5,2,0,"normal"
3,3,1,3,0.05,1,10,1.5,0.333333,0.333333,1.584963,1,0,-5,0,"normal"
10,6,1,6,0.166667,1,2,5.328702,0.3,0.3,2.446439,0,1,6,0,"normal"
6,5,1,5,0.1,1,7,2.57682,0.333333,0.333333,2.251629,1,0,-2,0,"normal"
12,9,1,9,0.2,1,2,2.256304,0.166667,0.166667,3.084963,0,-1,-23,0,"normal"
3,3,1,3,0.05,1,20,5,0.333333,0.333333,1.584963,-0.866025,0.5,-7,0,"normal"
9,9,1,9,0.15,1,3,2.471715,0.111111,0.111111,3.169925,-0.5,-0.866025,-21,0,"normal"
3,3,1,3,0.05,1,11,4,0.333333,0.333333,1.584963,-0.965926,0.258819,-9,0,"normal"
5,4,1,4,0.083333,1,6,2.58602,0.4,0.4,1.921928,0.965926,0.258819,0,0,"normal"
10,8,1,8,0.166667,1,2,3.944053,0.2,0.2,2.921928,-0.5,-0.866025,-20,0,"normal"
13,4,1,4,0.216667,1,1,1.936492,0.384615,0.384615,1.760495,0.707107,0.707107,8,1,"burst"
6,1,1,1,0.1,1,2,0,1,1,0,-0.707107,0.707107,-2,1,"ddos"
6,1,1,1,0.1,1,2,0,1,1,0,-0.707107,0.707107,-2,1,"ddos"
18,4,1,4,0.3,1,1,2.639859,0.611111,0.611111,1.500272,0.258819,0.965926,14,0,"normal"
18,6,1,6,0.3,1,1,3.4651,0.388889,0.388889,2.25846,0.5,0.866025,13,0,"normal"
25,1,1,1,0.416667,1,2,0,1,1,0,-0.258819,0.965926,20,1,"ddos"
3,3,1,3,0.05,1,20,1.5,0.333333,0.333333,1.584963,-0.965926,-0.258819,-15,0,"normal"
5,1,1,1,0.083333,1,2,0,1,1,0,-0.258819,0.965926,0,1,"ddos"
9,7,1,7,0.15,1,2,4.512136,0.222222,0.222222,2.725481,-0.707107,-0.707107,-17,0,"normal"
13,8,1,8,0.216667,1,2,2.313907,0.153846,0.153846,2.931209,-0.707107,-0.707107,-13,0,"normal"
7,5,1,5,0.116667,1,1,3.986087,0.285714,0.285714,2.235926,0.5,0.866025,2,0,"normal"
8,5,1,5,0.133333,1,1,7.027642,0.5,0.5,2,-0.5,0.866025,2,0,"normal"
8,2,1,2,0.133333,1,2,3.398679,0.625,0.625,0.954434,-0.5,0.866025,2,0,"normal"
4,4,1,4,0.066667,1,11,3.858612,0.25,0.25,2,-0.965926,-0.258819,-14,0,"normal"
13,6,1,6,0.216667,1,1,3.418699,0.461538,0.461538,2.199688,0.258819,0.965926,9,0,"normal"
38,11,1,11,0.633333,1,1,0.94556,0.184211,0.184211,3.045544,0.707107,-0.707107,16,0,"normal"
6,6,1,6,0.1,1,6,3.32265,0.166667,0.166667,2.584963,1,0,-2,0,"normal"
7,6,1,6,0.116667,1,6,2.852874,0.285714,0.285714,2.521641,1,0,-1,0,"normal"
7,6,1,6,0.116667,1,2,2.054805,0.285714,0.285714,2.521641,0,-1,-28,0,"normal"
30,10,1,10,0.5,1,1,1.650136,0.4,0.4,2.664084,0.258819,-0.965926,-2,0,"normal"
25,15,1,15,0.416667,1,1,1.187317,0.32,0.32,3.443856,0.965926,-0.258819,13,0,"normal"
33,11,1,11,0.55,1,1,1.175515,0.212121,0.212121,3.093469,0.258819,-0.965926,1,0,"normal"
11,9,1,9,0.183333,1,2,2.941088,0.181818,0.181818,3.095795,-0.5,-0.866025,-19,0,"normal"
24,13,1,13,0.4,1,1,1.37765,0.208333,0.208333,3.336039,0.707107,-0.707107,2,0,"normal"
7,6,1,6,0.116667,1,2,9.46338,0.285714,0.285714,2.521641,0.5,0.866025,2,0,"normal"
7,5,1,5,0.116667,1,1,2.054805,0.285714,0.285714,2.235926,0.707107,0.707107,2,1,"burst"
31,13,1,13,0.516667,1,1,1.044031,0.225806,0.225806,3.251909,0.866025,-0.5,13,0,"normal"
10,8,1,8,0.166667,1,3,2.867442,0.2,0.2,2.921928,-0.866025,-0.5,-12,0,"normal"
5,5,1,5,0.083333,1,13,0.829156,0.2,0.2,2.321928,0.707107,0.707107,0,0,"normal"
6,5,1,5,0.1,1,7,2.993326,0.333333,0.333333,2.251629,1,0,-2,0,"normal"
31,14,1,14,0.516667,1,1,0.845905,0.258065,0.258065,3.263668,0.965926,-0.258819,19,0,"normal"
5,5,1,5,0.083333,1,8,2.291288,0.2,0.2,2.321928,0.866025,0.5,1,0,"normal"
6,1,1,1,0.1,1,2,0,1,1,0,-0.5,0.866025,0,1,"ddos"
9,9,1,9,0.15,1,5,1.198958,0.111111,0.111111,3.169925,-0.5,-0.866025,-21,0,"normal"
3,3,1,3,0.05,1,15,2.5,0.333333,0.333333,1.584963,1,0,-5,0,"normal"
9,5,1,5,0.15,1,1,1.85405,0.333333,0.333333,2.113283,0.866025,0.5,5,1,"burst"
27,12,1,12,0.45,1,1,1.459513,0.222222,0.222222,3.327875,0.258819,-0.965926,-5,0,"normal"
9,5,1,5,0.15,1,1,5.018715,0.333333,0.333333,2.113283,0,1,5,0,"normal"
29,11,1,11,0.483333,1,1,1.224745,0.206897,0.206897,3.193682,0.866025,-0.5,11,0,"normal"
5,4,1,4,0.083333,1,6,4.5,0.4,0.4,1.921928,0.707107,0.707107,0,0,"normal"
4,2,1,2,0.066667,1,9,7.788881,0.75,0.75,0.811278,0.965926,0.258819,-1,0,"normal"
4,4,1,4,0.066667,1,11,3.299832,0.25,0.25,2,-1,0,-11,0,"normal"
9,7,1,7,0.15,1,2,3.018174,0.222222,0.222222,2.725481,-0.707107,-0.707107,-17,0,"normal"
11,8,1,8,0.183333,1,3,2.097618,0.181818,0.181818,2.913977,-0.707107,-0.707107,-15,0,"normal"
32,9,1,9,0.533333,1,1,1.453404,0.1875,0.1875,2.885977,0.866025,-0.5,14,0,"normal"
12,9,1,9,0.2,1,2,2.230517,0.166667,0.166667,3.084963,-0.258819,-0.965926,-22,0,"normal"
32,11,1,11,0.533333,1,1,1.184359,0.375,0.375,2.792838,0.866025,-0.5,14,0,"normal"
11,9,1,9,0.183333,1,2,2.19089,0.181818,0.181818,3.095795,-0.258819,-0.965926,-23,0,"normal"
7,5,1,5,0.116667,1,7,1.374369,0.428571,0.428571,2.128085,0.866025,0.5,3,0,"normal"
12,9,1,9,0.2,1,2,2.462949,0.166667,0.166667,3.084963,-0.258819,-0.965926,-22,0,"normal"
6,1,1,1,0.1,1,2,0,1,1,0,-0.5,0.866025,0,1,"ddos"
10,9,1,9,0.166667,1,2,2.330686,0.2,0.2,3.121928,-0.258819,-0.965926,-24,0,"normal"
10,8,1,8,0.166667,1,2,2.182987,0.2,0.2,2.921928,-0.866025,-0.5,-12,0,"normal"
3,3,1,3,0.05,1,9,6.5,0.333333,0.333333,1.584963,-0.965926,0.258819,-9,0,"normal"
24,1,1,1,0.4,1,2,0,1,1,0,-0.707107,0.707107,16,1,"ddos"
3,2,1,2,0.05,1,12,4.5,0.666667,0.666667,0.918296,-0.258819,0.965926,-2,0,"normal"
5,1,1,1,0.083333,1,2,0,1,1,0,0,1,1,1,"ddos"
25,1,1,1,0.416667,1,2,0,1,1,0,-0.5,0.866025,19,1,"ddos"
4,4,1,4,0.066667,1,10,4.921608,0.25,0.25,2,0.707107,0.707107,-1,0,"normal"
8,8,1,8,0.133333,1,1,0,0.125,0.125,3,0.965926,-0.258819,-4,1,"sybil"
7,7,1,7,0.116667,1,6,1.384437,0.142857,0.142857,2.807355,1,0,-1,0,"normal"
6,1,1,1,0.1,1,2,0,1,1,0,-0.5,0.866025,0,1,"ddos"
5,4,1,4,0.083333,1,12,1.224745,0.4,0.4,1.921928,0.965926,0.258819,0,0,"normal"
19,19,1,19,0.316667,1,1,0,0.052632,0.052632,4.247928,0.965926,-0.258819,7,1,"sybil"
27,12,1,12,0.45,1,1,1.230769,0.259259,0.259259,3.128364,0.258819,-0.965926,-5,0,"normal"
19,19,1,19,0.316667,1,1,0,0.052632,0.052632,4.247928,0.965926,-0.258819,7,1,"sybil"
3,3,1,3,0.05,1,17,6.5,0.333333,0.333333,1.584963,-0.965926,-0.258819,-15,0,"normal"
9,8,1,8,0.15,1,2,2.331845,0.222222,0.222222,2.947703,-0.707107,-0.707107,-17,0,"normal"
25,11,1,11,0.416667,1,1,1.466643,0.24,0.24,3.11327,0.707107,-0.707107,3,0,"normal"
11,9,1,9,0.183333,1,3,2.238303,0.181818,0.181818,3.095795,-0.258819,-0.965926,-23,0,"normal"
28,10,1,10,0.466667,1,1,1.245018,0.285714,0.285714,2.762315,0.866025,-0.5,10,0,"normal"
3,3,1,3,0.05,1,19,3,0.333333,0.333333,1.584963,-0.965926,0.258819,-9,0,"normal"
15,7,1,7,0.25,1,1,3.562847,0.4,0.4,2.339572,0,1,11,0,"normal"
20,2,1,2,0.333333,1,1,0.499307,0.5,0.5,1,0.707107,0.707107,15,1,"burst"
27,9,1,9,0.45,1,1,1.374428,0.222222,0.222222,2.883431,0.5,-0.866025,-1,0,"normal"
5,1,1,1,0.083333,1,2,0,1,1,0,-0.258819,0.965926,0,1,"ddos"
5,3,1,3,0.083333,1,8,1.089725,0.4,0.4,1.521928,0.707107,0.707107,0,0,"normal"
20,5,1,5,0.333333,1,1,1.552409,0.45,0.45,1.695462,0.866025,0.5,16,1,"burst"
27,13,1,13,0.45,1,1,1.986642,0.259259,0.259259,3.202438,0.866025,-0.5,9,0,"normal"
3,3,1,3,0.05,1,18,2,0.333333,0.333333,1.584963,-0.866025,0.5,-7,0,"normal"
20,4,1,4,0.333333,1,1,2.723652,0.85,0.85,0.847585,-0.707107,0.707107,12,0,"normal"
8,8,1,8,0.133333,1,1,0,0.125,0.125,3,0.965926,-0.258819,-4,1,"sybil"
5,1,1,1,0.083333,1,2,0,1,1,0,-0.258819,0.965926,0,1,"ddos"
10,5,1,5,0.166667,1,2,3.711843,0.2,0.2,2.321928,0,-1,-25,0,"normal"
3,3,1,3,0.05,1,4,7.5,0.333333,0.333333,1.584963,-0.707107,0.707107,-5,0,"normal"
4,4,1,4,0.066667,1,14,0.816497,0.25,0.25,2,-0.866025,-0.5,-18,0,"normal"
3,3,1,3,0.05,1,23,0.5,0.333333,0.333333,1.584963,-0.866025,0.5,-7,0,"normal"
30,12,1,12,0.5,1,1,1.364576,0.2,0.2,3.194088,0.707107,-0.707107,8,0,"normal"
4,4,1,4,0.066667,1,13,2.054805,0.25,0.25,2,-0.965926,-0.258819,-14,0,"normal"
6,1,1,1,0.1,1,2,0,1,1,0,-0.5,0.866025,0,1,"ddos"
33,11,1,11,0.55,1,1,1.1022,0.181818,0.181818,3.126691,0.5,-0.866025,5,0,"normal"
25,13,1,13,0.416667,1,1,1.619649,0.28,0.28,3.157406,0.5,-0.866025,-3,0,"normal"
6,1,1,1,0.1,1,2,0,1,1,0,-0.5,0.866025,0,1,"ddos"
8,6,1,6,0.133333,1,2,3.016959,0.25,0.25,2.5,-0.258819,0.965926,3,0,"normal"
10,4,1,4,0.166667,1,1,7.803133,0.7,0.7,1.35678,0.5,0.866025,5,0,"normal"
13,4,1,4,0.216667,1,2,2.215789,0.307692,0.307692,1.854286,-0.707107,0.707107,5,0,"normal"
6,6,1,6,0.1,1,8,1.897367,0.166667,0.166667,2.584963,0.707107,0.707107,1,0,"normal"
8,6,1,6,0.133333,1,2,3.964125,0.25,0.25,2.5,-0.258819,-0.965926,-26,0,"normal"
19,19,1,19,0.316667,1,1,0,0.052632,0.052632,4.247928,0.965926,-0.258819,7,1,"sybil"
5,3,1,3,0.083333,1,8,2.680951,0.4,0.4,1.521928,0.707107,0.707107,0,0,"normal"
19,19,1,19,0.316667,1,1,0,0.052632,0.052632,4.247928,1,0,11,1,"sybil"
5,1,1,1,0.083333,1,2,0,1,1,0,-0.258819,0.965926,0,1,"ddos"
5,1,1,1,0.083333,1,2,0,1,1,0,-0.5,0.866025,-1,1,"ddos"
11,10,1,10,0.183333,1,2,2.539685,0.181818,0.181818,3.277613,-0.5,-0.866025,-19,0,"normal"
32,9,1,9,0.533333,1,1,1.74313,0.375,0.375,2.430037,0.5,-0.866025,4,0,"normal"
3,3,1,3,0.05,1,18,1,0.333333,0.333333,1.584963,-0.965926,-0.258819,-15,0,"normal"
3,2,1,2,0.05,1,13,4,0.666667,0.666667,0.918296,-0.866025,-0.5,-19,0,"normal"
31,9,1,9,0.516667,1,1,1.535144,0.258065,0.258065,2.798425,0.258819,-0.965926,-1,0,"normal"
17,8,1,8,0.283333,1,1,3.038811,0.470588,0.470588,2.440404,-0.258819,0.965926,12,0,"normal"
30,10,1,10,0.5,1,1,1.574167,0.233333,0.233333,2.884523,0.258819,-0.965926,-2,0,"normal"
15,4,1,4,0.25,1,1,2.378689,0.533333,0.533333,1.640224,0.258819,0.965926,11,0,"normal"
3,3,1,3,0.05,1,23,0.5,0.333333,0.333333,1.584963,-0.965926,-0.258819,-15,0,"normal"
25,1,1,1,0.416667,1,2,0,1,1,0,-0.5,0.866025,19,1,"ddos"
10,8,1,8,0.166667,1,2,2.685121,0.2,0.2,2.921928,-0.866025,-0.5,-12,0,"normal"
5,1,1,1,0.083333,1,2,0,1,1,0,-0.5,0.866025,-1,1,"ddos"
6,5,1,5,0.1,1,7,2.638181,0.333333,0.333333,2.251629,0.965926,0.258819,1,0,"normal"
8,4,1,4,0.133333,1,2,5.976143,0.5,0.5,1.75,-0.5,0.866025,2,0,"normal"
8,5,1,5,0.133333,1,1,3.730733,0.375,0.375,2.155639,0.5,0.866025,3,0,"normal"
6,1,1,1,0.1,1,2,0,1,1,0,-0.5,0.866025,0,1,"ddos"
9,9,1,9,0.15,1,4,2.420615,0.111111,0.111111,3.169925,0,-1,-26,0,"normal"
27,8,1,8,0.45,1,1,1.432918,0.259259,0.259259,2.652262,0.258819,-0.965926,-5,0,"normal"
6,5,1,5,0.1,1,6,3.249615,0.333333,0.333333,2.251629,0.707107,0.707107,1,0,"normal"
29,14,1,14,0.483333,1,1,1.017074,0.206897,0.206897,3.555414,0.866025,-0.5,11,0,"normal"
4,3,1,3,0.066667,1,12,1.414214,0.5,0.5,1.5,0.965926,0.258819,-1,0,"normal"
30,11,1,11,0.5,1,1,1.144703,0.2,0.2,3.194088,0.866025,-0.5,12,0,"normal"
6,1,1,1,0.1,1,2,0,1,1,0,-0.5,0.866025,0,1,"ddos"
11,5,1,5,0.183333,1,1,7.605261,0.363636,0.363636,2.118078,0.5,0.866025,6,0,"normal"
8,3,1,3,0.133333,1,1,7.342913,0.75,0.75,1.061278,-0.5,0.866025,2,0,"normal"
9,6,1,6,0.15,1,2,5.68853,0.222222,0.222222,2.503258,-0.5,-0.866025,-21,0,"normal"
3,3,1,3,0.05,1,14,7,0.333333,0.333333,1.584963,-0.965926,-0.258819,-15,0,"normal"
3,3,1,3,0.05,1,4,1,0.333333,0.333333,1.584963,0.965926,0.258819,-2,1,"burst"
6,6,1,6,0.1,1,6,1.720465,0.166667,0.166667,2.584963,0.707107,0.707107,1,0,"normal"
11,6,1,6,0.183333,1,1,3.32265,0.363636,0.363636,2.299896,-0.258819,0.965926,6,0,"normal"
28,14,1,14,0.466667,1,1,1.218288,0.214286,0.214286,3.512188,0.707107,-0.707107,6,0,"normal"
6,5,1,5,0.1,1,6,2.828427,0.333333,0.333333,2.251629,0.965926,0.258819,1,0,"normal"
10,4,1,4,0.166667,1,1,8.727705,0.6,0.6,1.570951,-0.5,0.866025,4,0,"normal"
6,5,1,5,0.1,1,6,2.6533,0.333333,0.333333,2.251629,1,0,-2,0,"normal"
10,9,1,9,0.166667,1,2,2.586766,0.2,0.2,3.121928,-0.707107,-0.707107,-16,0,"normal"
6,1,1,1,0.1,1,2,0,1,1,0,-0.707107,0.707107,-2,1,"ddos"
8,5,1,5,0.133333,1,2,5.122977,0.375,0.375,2.155639,0.5,0.866025,3,0,"normal"
21,3,1,3,0.35,1,1,0.90967,0.47619,0.47619,1.228576,0.866025,0.5,17,1,"burst"
26,14,1,14,0.433333,1,1,1.52,0.230769,0.230769,3.459491,0.5,-0.866025,-2,0,"normal"
28,9,1,9,0.466667,1,1,1.170042,0.25,0.25,2.703333,0.5,-0.866025,0,0,"normal"
7,2,1,2,0.116667,1,4,2.852874,0.571429,0.571429,0.985228,0,-1,-28,0,"normal"
19,19,1,19,0.316667,1,1,0,0.052632,0.052632,4.247928,0.965926,-0.258819,7,1,"sybil"
30,12,1,12,0.5,1,1,1.245205,0.333333,0.333333,2.990759,0.258819,-0.965926,-2,0,"normal"
35,10,1,10,0.583333,1,1,1.020974,0.257143,0.257143,2.921901,0.707107,-0.707107,13,0,"normal"
8,6,1,6,0.133333,1,2,4.985694,0.25,0.25,2.5,-0.707107,-0.707107,-18,0,"normal"
5,1,1,1,0.083333,1,2,0,1,1,0,-0.258819,0.965926,0,1,"ddos"
5,4,1,4,0.083333,1,9,5.937171,0.4,0.4,1.921928,-0.965926,-0.258819,-13,0,"normal"
3,3,1,3,0.05,1,11,9,0.333333,0.333333,1.584963,-0.965926,-0.258819,-15,0,"normal"
5,3,1,3,0.083333,1,2,8.093207,0.6,0.6,1.370951,0,1,1,0,"normal"
11,9,1,9,0.183333,1,2,2.9,0.181818,0.181818,3.095795,-0.258819,-0.965926,-23,0,"normal"
5,1,1,1,0.083333,1,2,0,1,1,0,-0.258819,0.965926,0,1,"ddos"
21,12,1,12,0.35,1,1,1.157584,0.333333,0.333333,3.170818,0.965926,-0.258819,9,0,"normal"
13,13,1,13,0.216667,1,1,0.552771,0.076923,0.076923,3.70044,1,0,5,1,"sybil"
6,6,1,6,0.1,1,7,3.03315,0.166667,0.166667,2.584963,0.965926,0.258819,1,0,"normal"
10,5,1,5,0.166667,1,2,3.269764,0.4,0.4,2.046439,-0.258819,0.965926,5,0,"normal"
11,11,1,11,0.183333,1,1,0,0.090909,0.090909,3.459432,0.965926,-0.258819,-1,1,"sybil"
19,19,1,19,0.316667,1,1,0,0.052632,0.052632,4.247928,1,0,11,1,"sybil"
5,5,1,5,0.083333,1,3,2.772634,0.2,0.2,2.321928,0.5,0.866025,0,0,"normal"
12,12,1,12,0.2,1,1,0,0.083333,0.083333,3.584963,1,0,4,1,"sybil"
3,2,1,2,0.05,1,5,0.5,0.666667,0.666667,0.918296,0.866025,0.5,-1,1,"burst"
8,3,1,3,0.133333,1,2,8.315218,0.5,0.5,1.5,0,1,4,0,"normal"
9,5,1,5,0.15,1,1,2.236068,0.333333,0.333333,2.113283,0.707107,0.707107,4,1,"burst"
31,11,1,11,0.516667,1,1,1.097978,0.193548,0.193548,3.13067,0.965926,-0.258819,19,0,"normal"
34,9,1,9,0.566667,1,1,0.993089,0.264706,0.264706,2.836129,0.965926,-0.258819,22,0,"normal"
25,1,1,1,0.416667,1,2,0,1,1,0,-0.258819,0.965926,20,1,"ddos"
27,10,1,10,0.45,1,1,1.300887,0.259259,0.259259,2.944859,0.707107,-0.707107,5,0,"normal"
32,12,1,12,0.533333,1,1,1.156801,0.3125,0.3125,3.011698,0.707107,-0.707107,10,0,"normal"
10,6,1,6,0.166667,1,2,3.624335,0.2,0.2,2.521928,-0.707107,-0.707107,-16,0,"normal"
10,5,1,5,0.166667,1,1,6.707284,0.4,0.4,2.046439,-0.707107,0.707107,2,0,"normal"
14,5,1,5,0.233333,1,1,3.538462,0.714286,0.714286,1.434549,-0.258819,0.965926,9,0,"normal"
11,8,1,8,0.183333,1,2,2.856571,0.181818,0.181818,2.913977,-0.707107,-0.707107,-15,0,"normal"
25,1,1,1,0.416667,1,2,0,1,1,0,-0.5,0.866025,19,1,"ddos"
11,11,1,11,0.183333,1,1,0,0.090909,0.090909,3.459432,0.965926,-0.258819,-1,1,"sybil"
23,11,1,11,0.383333,1,1,1.666391,0.434783,0.434783,2.785555,0.707107,-0.707107,1,0,"normal"
29,16,1,16,0.483333,1,1,1.162773,0.241379,0.241379,3.602589,0.258819,-0.965926,-3,0,"normal"
4,4,1,4,0.066667,1,13,0.942809,0.25,0.25,2,0.965926,0.258819,-1,0,"normal"
19,19,1,19,0.316667,1,1,0,0.052632,0.052632,4.247928,0.965926,-0.258819,7,1,"sybil"
11,11,1,11,0.183333,1,1,0,0.090909,0.090909,3.459432,0.965926,-0.258819,-1,1,"sybil"
5,5,1,5,0.083333,1,9,2.384848,0.2,0.2,2.321928,0.707107,0.707107,0,0,"normal"
5,1,1,1,0.083333,1,2,0,1,1,0,-0.258819,0.965926,0,1,"ddos"
24,1,1,1,0.4,1,2,0,1,1,0,-0.5,0.866025,18,1,"ddos"
6,6,1,6,0.1,1,6,3.867816,0.166667,0.166667,2.584963,0.866025,0.5,2,0,"normal"
25,1,1,1,0.416667,1,2,0,1,1,0,0,1,21,1,"ddos"
21,3,1,3,0.35,1,1,0.90967,0.47619,0.47619,1.228576,0.707107,0.707107,16,1,"burst"
4,4,1,4,0.066667,1,6,7.363574,0.25,0.25,2,0.707107,0.707107,-1,0,"normal"
7,7,1,7,0.116667,1,1,0,0.142857,0.142857,2.807355,1,0,-1,1,"sybil"
6,6,1,6,0.1,1,6,3.006659,0.166667,0.166667,2.584963,0.866025,0.5,2,0,"normal"
6,1,1,1,0.1,1,2,0,1,1,0,-0.5,0.866025,0,1,"ddos"
24,11,1,11,0.4,1,1,1.245028,0.333333,0.333333,2.903107,0,-1,-11,0,"normal"
32,11,1,11,0.533333,1,1,1.138669,0.21875,0.21875,3.05685,0.866025,-0.5,14,0,"normal"
5,5,1,5,0.083333,1,10,1.732051,0.2,0.2,2.321928,0.707107,0.707107,0,0,"normal"
17,5,1,5,0.283333,1,1,1.861409,0.411765,0.411765,1.775523,0.707107,0.707107,12,1,"burst"
11,9,1,9,0.183333,1,2,1.854724,0.181818,0.181818,3.095795,-0.258819,-0.965926,-23,0,"normal"
9,5,1,5,0.15,1,1,2.420615,0.333333,0.333333,2.113283,0.866025,0.5,5,1,"burst"
14,7,1,7,0.233333,1,1,2.72833,0.285714,0.285714,2.521641,0.258819,0.965926,10,0,"normal"
12,7,1,7,0.2,1,2,2.637931,0.166667,0.166667,2.751629,-0.258819,-0.965926,-22,0,"normal"
26,11,1,11,0.433333,1,1,1.382172,0.192308,0.192308,3.243736,0,-1,-9,0,"normal"
21,14,1,14,0.35,1,1,1.275735,0.238095,0.238095,3.553763,0.5,-0.866025,-7,0,"normal"
10,9,1,9,0.166667,1,2,1.885618,0.2,0.2,3.121928,-0.258819,-0.965926,-24,0,"normal"
3,3,1,3,0.05,1,11,8.5,0.333333,0.333333,1.584963,-0.965926,0.258819,-9,0,"normal"
4,4,1,4,0.066667,1,6,5.09902,0.25,0.25,2,1,0,-4,0,"normal"
21,3,1,3,0.35,1,1,3.365635,0.52381,0.52381,1.221695,0.258819,0.965926,17,0,"normal"
11,10,1,10,0.183333,1,3,2.107131,0.181818,0.181818,3.277613,-0.866025,-0.5,-11,0,"normal"
31,12,1,12,0.516667,1,1,1.3,0.419355,0.419355,2.834346,0.707107,-0.707107,9,0,"normal"
8,3,1,3,0.133333,1,1,3.398679,0.5,0.5,1.5,0.5,0.866025,3,0,"normal"
24,1,1,1,0.4,1,2,0,1,1,0,-0.707107,0.707107,16,1,"ddos"
8,4,1,4,0.133333,1,2,7.994896,0.375,0.375,1.905639,-0.5,0.866025,2,0,"normal"
6,5,1,5,0.1,1,6,1.720465,0.333333,0.333333,2.251629,0.965926,0.258819,1,0,"normal"
25,11,1,11,0.416667,1,1,2.287876,0.24,0.24,3.003074,0.707107,-0.707107,3,0,"normal"
10,8,1,8,0.166667,1,2,2.48452,0.2,0.2,2.921928,-0.707107,-0.707107,-16,0,"normal"
7,1,1,1,0.116667,1,2,0.372678,1,1,0,-0.707107,0.707107,-1,1,"ddos"
4,4,1,4,0.066667,1,2,4.320494,0.25,0.25,2,-0.258819,0.965926,-1,0,"normal"
19,19,1,19,0.316667,1,1,0,0.052632,0.052632,4.247928,0.965926,0.258819,14,1,"sybil"
24,1,1,1,0.4,1,2,0,1,1,0,-0.707107,0.707107,16,1,"ddos"
4,3,1,3,0.066667,1,10,6.164414,0.5,0.5,1.5,-0.965926,-0.258819,-14,0,"normal"
19,19,1,19,0.316667,1,1,0,0.052632,0.052632,4.247928,1,0,11,1,"sybil"
5,1,1,1,0.083333,1,2,0,1,1,0,-0.258819,0.965926,0,1,"ddos"
11,11,1,11,0.183333,1,1,0,0.090909,0.090909,3.459432,0.965926,-0.258819,-1,1,"sybil"
7,7,1,7,0.116667,1,1,0,0.142857,0.142857,2.807355,1,0,-1,1,"sybil"
8,3,1,3,0.133333,1,1,7.270292,0.5,0.5,1.405639,-0.258819,0.965926,3,0,"normal"
5,5,1,5,0.083333,1,8,7.3951,0.2,0.2,2.321928,1,0,-3,0,"normal"
22,12,1,12,0.366667,1,1,2.280749,0.227273,0.227273,3.351953,0.866025,-0.5,4,0,"normal"
7,3,1,3,0.116667,1,2,9.956851,0.571429,0.571429,1.378783,0.5,0.866025,2,0,"normal"
4,4,1,4,0.066667,1,9,5.715476,0.25,0.25,2,-0.866025,-0.5,-18,0,"normal"
3,3,1,3,0.05,1,16,3,0.333333,0.333333,1.584963,-1,0,-12,0,"normal"
6,3,1,3,0.1,1,2,8.908423,0.666667,0.666667,1.251629,0.258819,0.965926,2,0,"normal"
24,1,1,1,0.4,1,2,0,1,1,0,-0.5,0.866025,18,1,"ddos"
9,6,1,6,0.15,1,2,3.655048,0.444444,0.444444,2.281036,-0.258819,0.965926,4,0,"normal"
3,2,1,2,0.05,1,14,5,0.666667,0.666667,0.918296,-0.866025,0.5,-7,0,"normal"
4,3,1,3,0.066667,1,10,4.496913,0.5,0.5,1.5,-0.965926,0.258819,-8,0,"normal"
5,2,1,2,0.083333,1,1,0.5,0.6,0.6,0.970951,0.866025,0.5,1,1,"burst"
11,5,1,5,0.183333,1,1,3.903844,0.363636,0.363636,2.118078,-0.258819,0.965926,6,0,"normal"
10,8,1,8,0.166667,1,2,2.712568,0.2,0.2,2.921928,-0.866025,-0.5,-12,0,"normal"
12,2,1,2,0.2,1,1,2.705977,0.916667,0.916667,0.413817,0,1,8,0,"normal"
12,5,1,5,0.2,1,1,6.506195,0.333333,0.333333,2.125815,0,1,8,0,"normal"
5,5,1,5,0.083333,1,11,1.63936,0.2,0.2,2.321928,1,0,-3,0,"normal"
19,19,1,19,0.316667,1,1,0,0.052632,0.052632,4.247928,1,0,11,1,"sybil"
4,4,1,4,0.066667,1,9,2.867442,0.25,0.25,2,-0.965926,0.258819,-8,0,"normal"
6,4,1,4,0.1,1,2,4.049691,0.5,0.5,1.792481,0.258819,0.965926,2,0,"normal"
8,5,1,5,0.133333,1,2,6.197432,0.375,0.375,2.155639,0,1,4,0,"normal"
10,8,1,8,0.166667,1,2,2.629369,0.2,0.2,2.921928,-0.707107,-0.707107,-16,0,"normal"
27,12,1,12,0.45,1,1,1.405821,0.185185,0.185185,3.274363,0.258819,-0.965926,-5,0,"normal"
28,10,1,10,0.466667,1,1,1.352739,0.178571,0.178571,3.063465,0.965926,-0.258819,16,0,"normal"
5,4,1,4,0.083333,1,8,2.58602,0.4,0.4,1.921928,0.866025,0.5,1,0,"normal"
6,5,1,5,0.1,1,6,1.720465,0.333333,0.333333,2.251629,1,0,-2,0,"normal"
11,7,1,7,0.183333,1,2,2.426932,0.181818,0.181818,2.732159,-0.5,-0.866025,-19,0,"normal"
9,7,1,7,0.15,1,2,1.408678,0.222222,0.222222,2.725481,0.258819,0.965926,5,0,"normal"
4,3,1,3,0.066667,1,8,12.256518,0.5,0.5,1.5,0.965926,0.258819,-1,0,"normal"
24,1,1,1,0.4,1,2,0,1,1,0,-0.707107,0.707107,16,1,"ddos"
5,1,1,1,0.083333,1,2,0,1,1,0,0,1,1,1,"ddos"
35,13,1,13,0.583333,1,1,1.015452,0.171429,0.171429,3.339878,0.866025,-0.5,17,0,"normal"
4,4,1,4,0.066667,1,10,6.377042,0.25,0.25,2,-0.866025,0.5,-6,0,"normal"
21,13,1,13,0.35,1,1,1.558044,0.190476,0.190476,3.499228,0.707107,-0.707107,-1,0,"normal"
19,5,1,5,0.316667,1,1,1.523479,0.421053,0.421053,1.721612,0.866025,0.5,15,1,"burst"
6,5,1,5,0.1,1,2,5.912698,0.333333,0.333333,2.251629,-0.258819,0.965926,1,0,"normal"
6,5,1,5,0.1,1,7,2.785678,0.333333,0.333333,2.251629,0.866025,0.5,2,0,"normal"
13,5,1,5,0.216667,1,1,4.368447,0.461538,0.461538,1.987773,0.5,0.866025,8,0,"normal"
6,5,1,5,0.1,1,7,1.414214,0.333333,0.333333,2.251629,0.965926,0.258819,1,0,"normal"
19,19,1,19,0.316667,1,1,0,0.052632,0.052632,4.247928,0.965926,0.258819,14,1,"sybil"
14,8,1,8,0.233333,1,1,3.555145,0.357143,0.357143,2.692381,-0.258819,0.965926,9,0,"normal"
10,8,1,8,0.166667,1,2,2.494438,0.2,0.2,2.921928,-0.5,-0.866025,-20,0,"normal"
24,1,1,1,0.4,1,2,0,1,1,0,-0.5,0.866025,18,1,"ddos"
5,5,1,5,0.083333,1,7,2.872281,0.2,0.2,2.321928,1,0,-3,0,"normal"
4,2,1,2,0.066667,1,5,5.656854,0.75,0.75,0.811278,0,-1,-31,0,"normal"
3,3,1,3,0.05,1,16,1,0.333333,0.333333,1.584963,-0.965926,0.258819,-9,0,"normal"
27,14,1,14,0.45,1,1,1.187335,0.296296,0.296296,3.319521,0.707107,-0.707107,5,0,"normal"
10,2,1,2,0.166667,1,1,0.496904,0.5,0.5,1,0.965926,0.258819,5,1,"burst"
8,6,1,6,0.133333,1,2,2.871393,0.25,0.25,2.5,0,-1,-27,0,"normal"
9,8,1,8,0.15,1,4,2.260393,0.222222,0.222222,2.947703,-0.5,0.866025,3,0,"normal"
3,3,1,3,0.05,1,11,3.5,0.333333,0.333333,1.584963,-1,0,-12,0,"normal"
3,2,1,2,0.05,1,21,3,0.666667,0.666667,0.918296,-1,0,-12,0,"normal"
5,1,1,1,0.083333,1,2,0,1,1,0,-0.258819,0.965926,0,1,"ddos"
3,3,1,3,0.05,1,16,1,0.333333,0.333333,1.584963,-0.965926,0.258819,-9,0,"normal"
3,3,1,3,0.05,1,15,4.5,0.333333,0.333333,1.584963,-0.866025,0.5,-7,0,"normal"
7,6,1,6,0.116667,1,2,6.420453,0.285714,0.285714,2.521641,0.5,0.866025,2,0,"normal"
8,8,1,8,0.133333,1,3,4.562491,0.125,0.125,3,0,-1,-27,0,"normal"
5,4,1,4,0.083333,1,2,7.433034,0.4,0.4,1.921928,0.258819,0.965926,1,0,"normal"
3,3,1,3,0.05,1,9,6.5,0.333333,0.333333,1.584963,-0.965926,-0.258819,-15,0,"normal"
20,19,1,19,0.333333,1,1,0.446594,0.1,0.1,4.221928,1,0,12,1,"sybil"
10,8,1,8,0.166667,1,2,2.629369,0.2,0.2,2.921928,-0.258819,-0.965926,-24,0,"normal"
26,15,1,15,0.433333,1,1,1.128539,0.230769,0.230769,3.503539,0.965926,-0.258819,14,0,"normal"
7,7,1,7,0.116667,1,1,0,0.142857,0.142857,2.807355,1,0,-1,1,"sybil"
32,12,1,12,0.533333,1,1,1.145956,0.21875,0.21875,3.10403,0.965926,-0.258819,20,0,"normal"
10,8,1,8,0.166667,1,2,2.766644,0.2,0.2,2.921928,-0.707107,-0.707107,-16,0,"normal"
5,1,1,1,0.083333,1,2,0,1,1,0,-0.258819,0.965926,0,1,"ddos"
19,19,1,19,0.316667,1,1,0,0.052632,0.052632,4.247928,0.965926,-0.258819,7,1,"sybil"
6,4,1,4,0.1,1,6,3.310589,0.333333,0.333333,1.918296,0.866025,0.5,2,0,"normal"
3,3,1,3,0.05,1,12,1,0.333333,0.333333,1.584963,-0.965926,0.258819,-9,0,"normal"
9,6,1,6,0.15,1,2,4.960784,0.444444,0.444444,2.281036,0,1,5,0,"normal"
35,13,1,13,0.583333,1,1,1.092994,0.314286,0.314286,3.074196,0.258819,-0.965926,3,0,"normal"
5,5,1,5,0.083333,1,7,2.915476,0.2,0.2,2.321928,0.866025,0.5,1,0,"normal"
7,7,1,7,0.116667,1,1,0,0.142857,0.142857,2.807355,1,0,-1,1,"sybil"
10,2,1,2,0.166667,1,1,0.496904,0.5,0.5,1,0.965926,0.258819,5,1,"burst"
6,3,1,3,0.1,1,6,2.856571,0.5,0.5,1.459148,0.707107,0.707107,1,0,"normal"
5,5,1,5,0.083333,1,9,1.785357,0.2,0.2,2.321928,0.866025,0.5,1,0,"normal"
23,5,1,5,0.383333,1,1,1.397311,0.434783,0.434783,1.634929,0.866025,0.5,19,1,"burst"
12,4,1,4,0.2,1,1,1.052349,0.5,0.5,1.729574,0,-1,-23,0,"normal"
33,9,1,9,0.55,1,1,1.423848,0.333333,0.333333,2.599457,0.965926,-0.258819,21,0,"normal"
5,5,1,5,0.083333,1,5,7.53326,0.2,0.2,2.321928,-0.5,0.866025,-1,0,"normal"
20,11,1,11,0.333333,1,1,1.904943,0.25,0.25,3.165957,0.707107,-0.707107,-2,0,"normal"
5,1,1,1,0.083333,1,2,0,1,1,0,-0.258819,0.965926,0,1,"ddos"
11,6,1,6,0.183333,1,1,4.6,0.363636,0.363636,2.299896,-0.258819,0.965926,6,0,"normal"
19,19,1,19,0.316667,1,1,0,0.052632,0.052632,4.247928,1,0,11,1,"sybil"
25,1,1,1,0.416667,1,2,0,1,1,0,-0.5,0.866025,19,1,"ddos"
34,13,1,13,0.566667,1,1,1.007775,0.205882,0.205882,3.273713,0.707107,-0.707107,12,0,"normal"
30,11,1,11,0.5,1,1,1.203443,0.233333,0.233333,3.056031,0.5,-0.866025,2,0,"normal"
4,3,1,3,0.066667,1,11,6.164414,0.5,0.5,1.5,-0.965926,-0.258819,-14,0,"normal"
4,4,1,4,0.066667,1,10,0.942809,0.25,0.25,2,0.707107,0.707107,-1,0,"normal"
9,5,1,5,0.15,1,2,3.585997,0.444444,0.444444,2.058814,-0.707107,0.707107,1,0,"normal"
11,8,1,8,0.183333,1,2,2.491987,0.181818,0.181818,2.913977,-0.5,-0.866025,-19,0,"normal"
12,9,1,9,0.2,1,2,2.289032,0.166667,0.166667,3.084963,-0.5,-0.866025,-18,0,"normal"
16,7,1,7,0.266667,1,1,2.839405,0.3125,0.3125,2.524397,0.258819,0.965926,12,0,"normal"
12,11,1,11,0.2,1,3,2,0.166667,0.166667,3.418296,-0.258819,-0.965926,-22,0,"normal"
25,1,1,1,0.416667,1,2,0,1,1,0,-0.258819,0.965926,20,1,"ddos"
5,4,1,4,0.083333,1,7,2.598076,0.4,0.4,1.921928,0.707107,0.707107,0,0,"normal"
7,4,1,4,0.116667,1,2,6.073622,0.428571,0.428571,1.842371,-0.5,0.866025,1,0,"normal"
6,5,1,5,0.1,1,8,2.332381,0.333333,0.333333,2.251629,0.965926,0.258819,1,0,"normal"
8,8,1,8,0.133333,1,1,0,0.125,0.125,3,0.965926,-0.258819,-4,1,"sybil"
10,6,1,6,0.166667,1,2,6.494062,0.3,0.3,2.446439,-0.707107,0.707107,2,0,"normal"
5,1,1,1,0.083333,1,2,0,1,1,0,-0.258819,0.965926,0,1,"ddos"
3,3,1,3,0.05,1,10,9.5,0.333333,0.333333,1.584963,-0.965926,0.258819,-9,0,"normal"
10,7,1,7,0.166667,1,2,3.572874,0.2,0.2,2.721928,-0.707107,-0.707107,-16,0,"normal"
3,3,1,3,0.05,1,22,1,0.333333,0.333333,1.584963,-0.965926,-0.258819,-15,0,"normal"
10,5,1,5,0.166667,1,2,4.157397,0.4,0.4,2.046439,0,1,6,0,"normal"
5,5,1,5,0.083333,1,11,1.224745,0.2,0.2,2.321928,0.965926,-0.258819,-7,0,"normal"
13,3,1,3,0.216667,1,1,6.73094,0.538462,0.538462,1.295738,0.5,0.866025,8,0,"normal"
9,6,1,6,0.15,1,2,3.461846,0.222222,0.222222,2.503258,-0.258819,0.965926,4,0,"normal"
25,1,1,1,0.416667,1,2,0,1,1,0,-0.258819,0.965926,20,1,"ddos"
10,7,1,7,0.166667,1,2,2.494438,0.2,0.2,2.721928,-0.707107,-0.707107,-16,0,"normal"
33,13,1,13,0.55,1,1,1.092857,0.272727,0.272727,3.217007,0.965926,-0.258819,21,0,"normal"
3,2,1,2,0.05,1,11,1.5,0.666667,0.666667,0.918296,-1,0,-12,0,"normal"
8,7,1,7,0.133333,1,6,3.023716,0.25,0.25,2.75,0.965926,0.258819,3,0,"normal"
4,4,1,4,0.066667,1,9,3.299832,0.25,0.25,2,-0.965926,0.258819,-8,0,"normal"
28,9,1,9,0.466667,1,1,1.532456,0.392857,0.392857,2.532168,0.707107,-0.707107,6,0,"normal"
24,1,1,1,0.4,1,2,0,1,1,0,-0.5,0.866025,18,1,"ddos"
33,13,1,13,0.55,1,1,1.121087,0.181818,0.181818,3.314286,0.866025,-0.5,15,0,"normal"
5,4,1,4,0.083333,1,2,3.832427,0.4,0.4,1.921928,0,1,1,0,"normal"
3,3,1,3,0.05,1,26,0.5,0.333333,0.333333,1.584963,-0.866025,0.5,-7,0,"normal"
3,3,1,3,0.05,1,9,4,0.333333,0.333333,1.584963,-0.965926,-0.258819,-15,0,"normal"
15,2,1,2,0.25,1,1,3.150154,0.866667,0.866667,0.56651,-0.5,0.866025,9,0,"normal"
4,4,1,4,0.066667,1,10,7.717225,0.25,0.25,2,-0.965926,0.258819,-8,0,"normal"
13,4,1,4,0.216667,1,1,3.670453,0.538462,0.538462,1.573402,-0.707107,0.707107,5,0,"normal"
10,7,1,7,0.166667,1,2,4.499657,0.2,0.2,2.721928,-0.258819,-0.965926,-24,0,"normal"
4,4,1,4,0.066667,1,9,6.847546,0.25,0.25,2,0.965926,0.258819,-1,0,"normal"
8,8,1,8,0.133333,1,1,0,0.125,0.125,3,0.965926,-0.258819,-4,1,"sybil"
25,1,1,1,0.416667,1,2,0,1,1,0,-0.258819,0.965926,20,1,"ddos"
10,9,1,9,0.166667,1,2,2.377882,0.2,0.2,3.121928,-0.707107,-0.707107,-16,0,"normal"
20,2,1,2,0.333333,1,1,0.499307,0.5,0.5,1,0.707107,0.707107,15,1,"burst"
11,9,1,9,0.183333,1,3,2.238303,0.181818,0.181818,3.095795,-0.707107,-0.707107,-15,0,"normal"
10,5,1,5,0.166667,1,1,1.872478,0.4,0.4,2.046439,0.866025,0.5,6,1,"burst"
9,6,1,6,0.15,1,2,2.97647,0.222222,0.222222,2.503258,-0.5,0.866025,3,0,"normal"
5,3,1,3,0.083333,1,8,2.277608,0.4,0.4,1.521928,0.707107,0.707107,0,0,"normal"
34,11,1,11,0.566667,1,1,0.977243,0.176471,0.176471,3.234706,0.707107,-0.707107,12,0,"normal"
5,5,1,5,0.083333,1,9,1.63936,0.2,0.2,2.321928,1,0,-3,0,"normal"
7,7,1,7,0.116667,1,6,2.114763,0.142857,0.142857,2.807355,0.707107,0.707107,2,0,"normal"
7,7,1,7,0.116667,1,1,0,0.142857,0.142857,2.807355,1,0,-1,1,"sybil"
6,6,1,6,0.1,1,6,2.856571,0.166667,0.166667,2.584963,0.707107,0.707107,1,0,"normal"
3,3,1,3,0.05,1,20,1,0.333333,0.333333,1.584963,-0.965926,-0.258819,-15,0,"normal"
11,11,1,11,0.183333,1,1,0,0.090909,0.090909,3.459432,1,0,3,1,"sybil"
31,12,1,12,0.516667,1,1,1.0873,0.225806,0.225806,3.138691,0.258819,-0.965926,-1,0,"normal"
33,11,1,11,0.55,1,1,1.043956,0.212121,0.212121,3.11937,0.866025,-0.5,15,0,"normal"
6,5,1,5,0.1,1,8,1.6,0.333333,0.333333,2.251629,0.965926,0.258819,1,0,"normal"
14,10,1,10,0.233333,1,2,1.635407,0.142857,0.142857,3.235926,-0.707107,-0.707107,-12,0,"normal"
9,6,1,6,0.15,1,2,8.525696,0.444444,0.444444,2.281036,0.5,0.866025,4,0,"normal"
12,12,1,12,0.2,1,1,0,0.083333,0.083333,3.584963,1,0,4,1,"sybil"
32,12,1,12,0.533333,1,1,1.119313,0.21875,0.21875,3.202319,0.258819,-0.965926,0,0,"normal"
6,6,1,6,0.1,1,6,2.244994,0.166667,0.166667,2.584963,0.965926,0.258819,1,0,"normal"
23,5,1,5,0.383333,1,1,1.414214,0.434783,0.434783,1.634929,0.965926,0.258819,18,1,"burst"
28,13,1,13,0.466667,1,1,1.306311,0.25,0.25,3.211961,0.258819,-0.965926,-4,0,"normal"
21,3,1,3,0.35,1,1,1.1,0.47619,0.47619,1.228576,0.707107,0.707107,16,1,"burst"
25,1,1,1,0.416667,1,2,0,1,1,0,-0.258819,0.965926,20,1,"ddos"
7,7,1,7,0.116667,1,6,1.699673,0.142857,0.142857,2.807355,0.707107,0.707107,2,0,"normal"
23,13,1,13,0.383333,1,1,1.46657,0.217391,0.217391,3.410099,0.258819,-0.965926,-9,0,"normal"
19,19,1,19,0.316667,1,1,0,0.052632,0.052632,4.247928,0.965926,-0.258819,7,1,"sybil"
10,4,1,4,0.166667,1,1,6.579054,0.7,0.7,1.35678,0,1,6,0,"normal"
28,12,1,12,0.466667,1,1,1.177055,0.25,0.25,3.235354,0.258819,-0.965926,-4,0,"normal"
24,1,1,1,0.4,1,2,0,1,1,0,-0.707107,0.707107,16,1,"ddos"
30,10,1,10,0.5,1,1,1.449917,0.233333,0.233333,2.930125,0.258819,-0.965926,-2,0,"normal"
9,4,1,4,0.15,1,1,8.108637,0.666667,0.666667,1.446617,-0.707107,0.707107,1,0,"normal"
6,6,1,6,0.1,1,8,2.332381,0.166667,0.166667,2.584963,0.866025,0.5,2,0,"normal"
19,19,1,19,0.316667,1,1,0,0.052632,0.052632,4.247928,0.965926,-0.258819,7,1,"sybil"
20,2,1,2,0.333333,1,1,0.499307,0.5,0.5,1,0.965926,0.258819,15,1,"burst"
10,9,1,9,0.166667,1,2,2.377882,0.2,0.2,3.121928,-0.866025,-0.5,-12,0,"normal"
5,1,1,1,0.083333,1,2,0,1,1,0,-0.5,0.866025,-1,1,"ddos"
3,3,1,3,0.05,1,13,8,0.333333,0.333333,1.584963,-0.866025,0.5,-7,0,"normal"
5,3,1,3,0.083333,1,9,3.699662,0.6,0.6,1.370951,-0.866025,0.5,-5,0,"normal"
9,6,1,6,0.15,1,2,3.199121,0.222222,0.222222,2.503258,-0.5,0.866025,3,0,"normal"
5,5,1,5,0.083333,1,10,1.118034,0.2,0.2,2.321928,1,0,-3,0,"normal"
18,5,1,5,0.3,1,1,1.807328,0.444444,0.444444,1.744843,0.866025,0.5,14,1,"burst"
30,9,1,9,0.5,1,1,1.18853,0.3,0.3,2.742367,0.258819,-0.965926,-2,0,"normal"
9,8,1,8,0.15,1,2,4.054319,0.222222,0.222222,2.947703,-0.5,-0.866025,-21,0,"normal"
10,8,1,8,0.166667,1,2,4.027682,0.2,0.2,2.921928,-0.258819,-0.965926,-24,0,"normal"
3,3,1,3,0.05,1,12,8,0.333333,0.333333,1.584963,-0.965926,-0.258819,-15,0,"normal"
25,13,1,13,0.416667,1,1,1.255543,0.16,0.16,3.543465,0.965926,-0.258819,13,0,"normal"
11,11,1,11,0.183333,1,1,0,0.090909,0.090909,3.459432,0.965926,-0.258819,-1,1,"sybil"
24,12,1,12,0.4,1,1,1.345721,0.25,0.25,3.209148,0.707107,-0.707107,2,0,"normal"
10,7,1,7,0.166667,1,2,2.748737,0.2,0.2,2.721928,-0.707107,-0.707107,-16,0,"normal"
24,1,1,1,0.4,1,2,0,1,1,0,-0.707107,0.707107,16,1,"ddos"
10,5,1,5,0.166667,1,1,4.346135,0.5,0.5,1.960964,0.5,0.866025,5,0,"normal"
13,6,1,6,0.216667,1,1,7.170057,0.615385,0.615385,1.854286,0,1,9,0,"normal"
10,8,1,8,0.166667,1,2,2.439389,0.2,0.2,2.921928,0,-1,-25,0,"normal"
22,3,1,3,0.366667,1,1,2.170718,0.454545,0.454545,1.494919,0.258819,0.965926,18,0,"normal"
3,3,1,3,0.05,1,21,3.5,0.333333,0.333333,1.584963,-0.965926,-0.258819,-15,0,"normal"
5,5,1,5,0.083333,1,7,3.031089,0.2,0.2,2.321928,1,0,-3,0,"normal"
11,8,1,8,0.183333,1,2,2.624881,0.181818,0.181818,2.913977,-0.5,-0.866025,-19,0,"normal"
7,4,1,4,0.116667,1,2,2.910708,0.571429,0.571429,1.664498,0.5,0.866025,2,0,"normal"
27,10,1,10,0.45,1,1,1.280833,0.185185,0.185185,3.111757,0.866025,-0.5,9,0,"normal"
5,5,1,5,0.083333,1,6,3.897114,0.2,0.2,2.321928,0.866025,0.5,1,0,"normal"
15,4,1,4,0.25,1,1,5.608394,0.466667,0.466667,1.562807,0,1,11,0,"normal"
5,2,1,2,0.083333,1,1,3.960745,0.8,0.8,0.721928,0.258819,0.965926,1,0,"normal"
25,1,1,1,0.416667,1,2,0,1,1,0,-0.258819,0.965926,20,1,"ddos"
25,11,1,11,0.416667,1,1,1.628202,0.28,0.28,3.043216,0.707107,-0.707107,3,0,"normal"
13,5,1,5,0.216667,1,1,1.598611,0.384615,0.384615,1.914341,0.965926,0.258819,8,1,"burst"
20,2,1,2,0.333333,1,1,0.499307,0.5,0.5,1,0.866025,0.5,16,1,"burst"
9,8,1,8,0.15,1,3,2.027159,0.222222,0.222222,2.947703,-0.707107,-0.707107,-17,0,"normal"
9,7,1,7,0.15,1,3,2.277608,0.222222,0.222222,2.725481,-0.258819,-0.965926,-25,0,"normal"
19,5,1,5,0.316667,1,1,2.288592,0.421053,0.421053,2.018216,0.5,0.866025,14,0,"normal"
10,5,1,5,0.166667,1,2,5.09902,0.5,0.5,1.960964,0.5,0.866025,5,0,"normal"
39,8,1,8,0.65,1,1,0.818755,0.230769,0.230769,2.764793,0.866025,-0.5,21,0,"normal"
6,5,1,5,0.1,1,6,3.03315,0.333333,0.333333,2.251629,0.707107,0.707107,1,0,"normal"
5,5,1,5,0.083333,1,8,3,0.2,0.2,2.321928,1,0,-3,0,"normal"
29,9,1,9,0.483333,1,1,1.22266,0.310345,0.310345,2.797684,0.5,-0.866025,1,0,"normal"
22,4,1,4,0.366667,1,1,1.355262,0.454545,0.454545,1.439497,0.965926,0.258819,17,1,"burst"
3,3,1,3,0.05,1,10,8.5,0.333333,0.333333,1.584963,-0.965926,0.258819,-9,0,"normal"
23,4,1,4,0.383333,1,1,1.192262,0.478261,0.478261,1.65166,0.258819,0.965926,19,0,"normal"
3,2,1,2,0.05,1,12,5.5,0.666667,0.666667,0.918296,-1,0,-12,0,"normal"
18,5,1,5,0.3,1,1,2.928207,0.555556,0.555556,1.679429,0.258819,0.965926,14,0,"normal"
12,12,1,12,0.2,1,1,0,0.083333,0.083333,3.584963,1,0,4,1,"sybil"
15,5,1,5,0.25,1,1,1.749636,0.4,0.4,1.838921,0.965926,0.258819,10,1,"burst"
6,6,1,6,0.1,1,8,2.135416,0.166667,0.166667,2.584963,0.965926,-0.258819,-6,0,"normal"
21,3,1,3,0.35,1,1,1.1,0.47619,0.47619,1.228576,0.707107,0.707107,16,1,"burst"
24,11,1,11,0.4,1,1,1.09648,0.25,0.25,3.188722,0.707107,-0.707107,2,0,"normal"
8,8,1,8,0.133333,1,1,0,0.125,0.125,3,0.866025,-0.5,-10,1,"sybil"
9,5,1,5,0.15,1,1,1.964529,0.333333,0.333333,2.113283,0.866025,0.5,5,1,"burst"
5,5,1,5,0.083333,1,7,3.354102,0.2,0.2,2.321928,0.707107,0.707107,0,0,"normal"
7,7,1,7,0.116667,1,1,0,0.142857,0.142857,2.807355,0.965926,0.258819,2,1,"sybil"
10,3,1,3,0.166667,1,1,3.858612,0.7,0.7,1.15678,-0.258819,0.965926,5,0,"normal"
19,19,1,19,0.316667,1,1,0,0.052632,0.052632,4.247928,0.965926,-0.258819,7,1,"sybil"
10,6,1,6,0.166667,1,2,2.910178,0.4,0.4,2.321928,0.5,0.866025,5,0,"normal"
4,4,1,4,0.066667,1,2,4.189935,0.25,0.25,2,-0.258819,0.965926,-1,0,"normal"
36,10,1,10,0.6,1,1,0.991392,0.333333,0.333333,2.675746,0.5,-0.866025,8,0,"normal"
23,1,1,1,0.383333,1,2,0,1,1,0,-0.866025,0.5,13,1,"ddos"
19,19,1,19,0.316667,1,1,0,0.052632,0.052632,4.247928,0.965926,-0.258819,7,1,"sybil"
5,2,1,2,0.083333,1,3,12.519984,0.6,0.6,0.970951,0,-1,-30,0,"normal"
13,7,1,7,0.216667,1,1,3.636237,0.307692,0.307692,2.623517,0.258819,0.965926,9,0,"normal"
3,3,1,3,0.05,1,16,5.5,0.333333,0.333333,1.584963,-1,0,-12,0,"normal"
4,4,1,4,0.066667,1,11,4.784233,0.25,0.25,2,-0.965926,-0.258819,-14,0,"normal"
5,5,1,5,0.083333,1,6,2.692582,0.2,0.2,2.321928,1,0,-3,0,"normal"
3,3,1,3,0.05,1,13,7,0.333333,0.333333,1.584963,-1,0,-12,0,"normal"
10,9,1,9,0.166667,1,3,3.197221,0.2,0.2,3.121928,-0.866025,-0.5,-12,0,"normal"
38,10,1,10,0.633333,1,1,0.97147,0.289474,0.289474,2.894301,0.5,-0.866025,10,0,"normal"
12,8,1,8,0.2,1,2,2.314168,0.166667,0.166667,2.918296,0,-1,-23,0,"normal"
8,8,1,8,0.133333,1,1,0,0.125,0.125,3,0.965926,-0.258819,-4,1,"sybil"
13,10,1,10,0.216667,1,2,1.840894,0.153846,0.153846,3.238901,-0.258819,-0.965926,-21,0,"normal"
25,13,1,13,0.416667,1,1,2.009958,0.24,0.24,3.31908,0.258819,-0.965926,-7,0,"normal"
27,10,1,10,0.45,1,1,1.5694,0.259259,0.259259,2.976517,0.5,-0.866025,-1,0,"normal"
3,3,1,3,0.05,1,16,1,0.333333,0.333333,1.584963,-1,0,-12,0,"normal"
31,12,1,12,0.516667,1,1,1.194432,0.193548,0.193548,3.14004,0.5,-0.866025,3,0,"normal"
34,8,1,8,0.566667,1,1,1.212879,0.294118,0.294118,2.677218,0.5,-0.866025,6,0,"normal"
12,10,1,10,0.2,1,2,2.810841,0.166667,0.166667,3.251629,-0.866025,-0.5,-10,0,"normal"
11,7,1,7,0.183333,1,1,3.46987,0.454545,0.454545,2.40401,-0.707107,0.707107,3,0,"normal"
8,6,1,6,0.133333,1,2,5.972727,0.25,0.25,2.5,-0.258819,0.965926,3,0,"normal"
9,5,1,5,0.15,1,1,2.315032,0.333333,0.333333,2.113283,0.866025,0.5,5,1,"burst"
14,6,1,6,0.233333,1,1,3.624375,0.285714,0.285714,2.4138,-0.258819,0.965926,9,0,"normal"
7,5,1,5,0.116667,1,2,7.630349,0.428571,0.428571,2.128085,-0.5,0.866025,1,0,"normal"
12,7,1,7,0.2,1,2,3.895325,0.166667,0.166667,2.751629,-0.866025,-0.5,-10,0,"normal"
28,15,1,15,0.466667,1,1,1.187498,0.178571,0.178571,3.58005,0.707107,-0.707107,6,0,"normal"
28,12,1,12,0.466667,1,1,1.826493,0.214286,0.214286,3.172554,0.707107,-0.707107,6,0,"normal"
12,8,1,8,0.2,1,2,2.622219,0.166667,0.166667,2.918296,-0.258819,-0.965926,-22,0,"normal"
8,2,1,2,0.133333,1,1,0.494872,0.5,0.5,1,0.965926,0.258819,3,1,"burst"
29,14,1,14,0.483333,1,1,1.17532,0.172414,0.172414,3.578001,0.866025,-0.5,11,0,"normal"
34,12,1,12,0.566667,1,1,0.936947,0.323529,0.323529,2.92383,0.707107,-0.707107,12,0,"normal"
3,3,1,3,0.05,1,20,3,0.333333,0.333333,1.584963,-0.965926,0.258819,-9,0,"normal"
25,1,1,1,0.416667,1,2,0,1,1,0,-0.258819,0.965926,20,1,"ddos"
3,3,1,3,0.05,1,14,3.5,0.333333,0.333333,1.584963,-1,0,-12,0,"normal"
16,2,1,2,0.266667,1,1,0.498888,0.5,0.5,1,0.707107,0.707107,11,1,"burst"
5,5,1,5,0.083333,1,6,3.316625,0.2,0.2,2.321928,-0.258819,0.965926,0,0,"normal"
23,5,1,5,0.383333,1,1,1.202614,0.434783,0.434783,1.634929,0.866025,0.5,19,1,"burst"
7,5,1,5,0.116667,1,2,3.815174,0.428571,0.428571,2.128085,0.5,0.866025,2,0,"normal"
19,7,1,7,0.316667,1,1,1.651785,0.421053,0.421053,2.353191,-0.5,0.866025,13,0,"normal"
19,8,1,8,0.316667,1,1,3.245605,0.421053,0.421053,2.373736,0.258819,0.965926,15,0,"normal"
26,9,1,9,0.433333,1,1,1.243222,0.5,0.5,2.43657,0.5,-0.866025,-2,0,"normal"
19,19,1,19,0.316667,1,1,0,0.052632,0.052632,4.247928,0.965926,-0.258819,7,1,"sybil"
11,8,1,8,0.183333,1,3,2.872281,0.181818,0.181818,2.913977,-0.258819,-0.965926,-23,0,"normal"
11,8,1,8,0.183333,1,2,2.64764,0.181818,0.181818,2.913977,-0.707107,-0.707107,-15,0,"normal"
3,2,1,2,0.05,1,22,2,0.666667,0.666667,0.918296,-0.965926,0.258819,-9,0,"normal"
33,10,1,10,0.55,1,1,1.030776,0.454545,0.454545,2.578993,0.5,-0.866025,5,0,"normal"
9,8,1,8,0.15,1,2,3.805834,0.222222,0.222222,2.947703,-0.866025,-0.5,-13,0,"normal"
34,14,1,14,0.566667,1,1,1.029411,0.205882,0.205882,3.311565,0.965926,-0.258819,22,0,"normal"
8,5,1,5,0.133333,1,1,2.321154,0.375,0.375,2.155639,0.707107,0.707107,3,1,"burst"
3,2,1,2,0.05,1,10,9.5,0.666667,0.666667,0.918296,-0.965926,0.258819,-9,0,"normal"
5,5,1,5,0.083333,1,9,3.937004,0.2,0.2,2.321928,0.965926,0.258819,0,0,"normal"
5,5,1,5,0.083333,1,6,3.112475,0.2,0.2,2.321928,0.866025,0.5,1,0,"normal"
6,6,1,6,0.1,1,7,2.939388,0.166667,0.166667,2.584963,0.866025,0.5,2,0,"normal"
13,7,1,7,0.216667,1,1,3.387067,0.307692,0.307692,2.565448,0.5,0.866025,8,0,"normal"
25,10,1,10,0.416667,1,1,2.156627,0.28,0.28,2.963216,0.965926,-0.258819,13,0,"normal"
6,3,1,3,0.1,1,6,2.856571,0.5,0.5,1.459148,0.965926,0.258819,1,0,"normal"
9,8,1,8,0.15,1,2,3.535534,0.222222,0.222222,2.947703,-0.707107,-0.707107,-17,0,"normal"
3,2,1,2,0.05,1,16,5,0.666667,0.666667,0.918296,-0.866025,0.5,-7,0,"normal"
11,7,1,7,0.183333,1,1,3.867816,0.272727,0.272727,2.663533,0,1,7,0,"normal"
15,2,1,2,0.25,1,1,0.5,0.533333,0.533333,0.996792,0.707107,0.707107,10,1,"burst"
24,1,1,1,0.4,1,2,0,1,1,0,-0.707107,0.707107,16,1,"ddos"
30,10,1,10,0.5,1,1,1.401545,0.233333,0.233333,2.922698,0.965926,-0.258819,18,0,"normal"
13,5,1,5,0.216667,1,1,1.936492,0.384615,0.384615,1.914341,0.707107,0.707107,8,1,"burst"
23,6,1,6,0.383333,1,1,2.264074,0.391304,0.391304,2.135053,0.258819,0.965926,19,0,"normal"
3,3,1,3,0.05,1,16,1.5,0.333333,0.333333,1.584963,-0.866025,0.5,-7,0,"normal"
13,5,1,5,0.216667,1,1,4.301163,0.615385,0.615385,1.70044,0,1,9,0,"normal"
5,4,1,4,0.083333,1,10,2.046338,0.4,0.4,1.921928,0.866025,0.5,1,0,"normal"
3,3,1,3,0.05,1,10,8.5,0.333333,0.333333,1.584963,-0.965926,0.258819,-9,0,"normal"
6,4,1,4,0.1,1,8,2.481935,0.333333,0.333333,1.918296,1,0,-2,0,"normal"
3,3,1,3,0.05,1,14,6,0.333333,0.333333,1.584963,-0.965926,0.258819,-9,0,"normal"
11,9,1,9,0.183333,1,2,2.6533,0.181818,0.181818,3.095795,-0.5,-0.866025,-19,0,"normal"
5,5,1,5,0.083333,1,7,3.344772,0.2,0.2,2.321928,0.965926,0.258819,0,0,"normal"
7,6,1,6,0.116667,1,2,6.289321,0.285714,0.285714,2.521641,0.5,0.866025,2,0,"normal"
29,10,1,10,0.483333,1,1,1.360897,0.241379,0.241379,2.943299,0.707107,-0.707107,7,0,"normal"
9,6,1,6,0.15,1,1,6.537153,0.444444,0.444444,2.281036,-0.258819,0.965926,4,0,"normal"
5,1,1,1,0.083333,1,2,0,1,1,0,-0.5,0.866025,-1,1,"ddos"
24,1,1,1,0.4,1,2,0,1,1,0,-0.707107,0.707107,16,1,"ddos"
11,8,1,8,0.183333,1,2,2.615339,0.181818,0.181818,2.913977,-0.707107,-0.707107,-15,0,"normal"
11,6,1,6,0.183333,1,2,3.660601,0.454545,0.454545,2.222192,0.258819,0.965926,7,0,"normal"
12,6,1,6,0.2,1,2,3.287844,0.25,0.25,2.396241,0.258819,0.965926,8,0,"normal"
8,6,1,6,0.133333,1,2,3.907084,0.25,0.25,2.5,0.258819,0.965926,4,0,"normal"
4,3,1,3,0.066667,1,11,1.885618,0.5,0.5,1.5,0.965926,0.258819,-1,0,"normal"
24,1,1,1,0.4,1,2,0,1,1,0,-0.707107,0.707107,16,1,"ddos"
13,10,1,10,0.216667,1,2,1.929306,0.153846,0.153846,3.238901,-0.707107,-0.707107,-13,0,"normal"
12,10,1,10,0.2,1,3,1.585054,0.166667,0.166667,3.251629,0,-1,-23,0,"normal"
9,9,1,9,0.15,1,3,1.899836,0.111111,0.111111,3.169925,-0.258819,-0.965926,-25,0,"normal"
19,19,1,19,0.316667,1,1,0,0.052632,0.052632,4.247928,0.965926,0.258819,14,1,"sybil"
12,10,1,10,0.2,1,2,2.092884,0.166667,0.166667,3.251629,-0.5,-0.866025,-18,0,"normal"
14,11,1,11,0.233333,1,1,1.624516,0.142857,0.142857,3.378783,0.5,-0.866025,-14,0,"normal"
6,1,1,1,0.1,1,2,0,1,1,0,-0.5,0.866025,0,1,"ddos"
28,14,1,14,0.466667,1,1,1.448712,0.178571,0.178571,3.451135,0.5,-0.866025,0,0,"normal"
6,5,1,5,0.1,1,8,0.748331,0.333333,0.333333,2.251629,0.965926,0.258819,1,0,"normal"
12,8,1,8,0.2,1,2,1.710444,0.166667,0.166667,2.918296,-0.5,-0.866025,-18,0,"normal"
13,7,1,7,0.216667,1,2,3.013857,0.307692,0.307692,2.46967,-0.258819,0.965926,8,0,"normal"
9,8,1,8,0.15,1,2,3.805834,0.222222,0.222222,2.947703,-0.707107,-0.707107,-17,0,"normal"
10,5,1,5,0.166667,1,1,3.965904,0.3,0.3,2.170951,0.5,0.866025,5,0,"normal"
3,3,1,3,0.05,1,17,2,0.333333,0.333333,1.584963,-0.965926,0.258819,-9,0,"normal"
25,12,1,12,0.416667,1,1,2.449135,0.28,0.28,3.153411,0.866025,-0.5,7,0,"normal"
25,11,1,11,0.416667,1,1,1.437953,0.24,0.24,3.19327,0.258819,-0.965926,-7,0,"normal"
26,12,1,12,0.433333,1,1,1.891454,0.269231,0.269231,3.161362,0.707107,-0.707107,4,0,"normal"
22,9,1,9,0.366667,1,1,1.935467,0.318182,0.318182,2.804597,0.965926,-0.258819,10,0,"normal"
32,14,1,14,0.533333,1,1,1.090113,0.1875,0.1875,3.394248,0.258819,-0.965926,0,0,"normal"
5,4,1,4,0.083333,1,10,1.299038,0.4,0.4,1.921928,0.965926,0.258819,0,0,"normal"
6,3,1,3,0.1,1,2,7.472617,0.666667,0.666667,1.251629,0.258819,0.965926,2,0,"normal"
11,5,1,5,0.183333,1,1,4.103657,0.545455,0.545455,1.867634,0.258819,0.965926,7,0,"normal"
6,1,1,1,0.1,1,2,0,1,1,0,-0.707107,0.707107,-2,1,"ddos"
11,9,1,9,0.183333,1,2,2.615339,0.181818,0.181818,3.095795,-0.258819,-0.965926,-23,0,"normal"
18,2,1,2,0.3,1,1,0.499134,0.5,0.5,1,0.965926,0.258819,13,1,"burst"
7,7,1,7,0.116667,1,1,0,0.142857,0.142857,2.807355,1,0,-1,1,"sybil"
10,8,1,8,0.166667,1,2,2.377882,0.2,0.2,2.921928,0,-1,-25,0,"normal"
3,2,1,2,0.05,1,20,1,0.666667,0.666667,0.918296,-0.866025,0.5,-7,0,"normal"
22,11,1,11,0.366667,1,1,1.562021,0.227273,0.227273,3.261044,0,-1,-13,0,"normal"
6,1,1,1,0.1,1,2,0,1,1,0,-0.5,0.866025,0,1,"ddos"
31,11,1,11,0.516667,1,1,1.640122,0.419355,0.419355,2.705314,0.866025,-0.5,13,0,"normal"
12,6,1,6,0.2,1,2,5.313323,0.25,0.25,2.396241,-0.707107,0.707107,4,0,"normal"
12,9,1,9,0.2,1,2,3.082877,0.166667,0.166667,3.084963,-0.258819,-0.965926,-22,0,"normal"
11,3,1,3,0.183333,1,1,4.229657,0.545455,0.545455,1.435371,-0.258819,0.965926,6,0,"normal"
5,3,1,3,0.083333,1,7,2.861381,0.4,0.4,1.521928,0.965926,0.258819,0,0,"normal"
24,13,1,13,0.4,1,1,1.439387,0.208333,0.208333,3.486441,0.258819,-0.965926,-8,0,"normal"
10,6,1,6,0.166667,1,2,3.541639,0.3,0.3,2.446439,-0.5,0.866025,4,0,"normal"
24,1,1,1,0.4,1,2,0,1,1,0,-0.5,0.866025,18,1,"ddos"
10,8,1,8,0.166667,1,3,1.763834,0.2,0.2,2.921928,-0.5,-0.866025,-20,0,"normal"
6,6,1,6,0.1,1,6,3.611094,0.166667,0.166667,2.584963,0.866025,0.5,2,0,"normal"
6,3,1,3,0.1,1,2,16.104658,0.5,0.5,1.459148,0.5,0.866025,1,0,"normal"
26,13,1,13,0.433333,1,1,0.976524,0.230769,0.230769,3.430457,0.258819,-0.965926,-6,0,"normal"
15,5,1,5,0.25,1,1,2.744196,0.4,0.4,2.105587,-0.707107,0.707107,7,0,"normal"
15,5,1,5,0.25,1,1,3.927922,0.4,0.4,1.965596,-0.707107,0.707107,7,0,"normal"
3,2,1,2,0.05,1,16,3,0.666667,0.666667,0.918296,-0.965926,0.258819,-9,0,"normal"
18,18,1,18,0.3,1,1,0,0.055556,0.055556,4.169925,1,0,10,1,"sybil"
3,2,1,2,0.05,1,21,1.5,0.666667,0.666667,0.918296,-0.965926,-0.258819,-15,0,"normal"
23,5,1,5,0.383333,1,1,1.477098,0.434783,0.434783,1.634929,0.965926,0.258819,18,1,"burst"
17,7,1,7,0.283333,1,1,2.803458,0.529412,0.529412,2.129568,-0.5,0.866025,11,0,"normal"
13,6,1,6,0.216667,1,1,3.112475,0.538462,0.538462,2.034941,-0.707107,0.707107,5,0,"normal"
23,11,1,11,0.383333,1,1,1.188791,0.217391,0.217391,3.203365,0.866025,-0.5,5,0,"normal"
4,3,1,3,0.066667,1,12,8.485281,0.5,0.5,1.5,0.258819,0.965926,0,0,"normal"
12,8,1,8,0.2,1,2,2.678349,0.166667,0.166667,2.918296,-0.5,-0.866025,-18,0,"normal"
10,9,1,9,0.166667,1,3,2.538591,0.2,0.2,3.121928,-0.5,-0.866025,-20,0,"normal"
28,9,1,9,0.466667,1,1,1.274419,0.25,0.25,2.824291,0.866025,-0.5,10,0,"normal"
34,10,1,10,0.566667,1,1,1.073942,0.323529,0.323529,2.69517,0.866025,-0.5,16,0,"normal"
13,9,1,9,0.216667,1,2,2.65623,0.153846,0.153846,3.085055,-0.5,-0.866025,-17,0,"normal"
11,8,1,8,0.183333,1,3,2.939388,0.181818,0.181818,2.913977,-0.258819,-0.965926,-23,0,"normal"
25,1,1,1,0.416667,1,2,0,1,1,0,-0.258819,0.965926,20,1,"ddos"
4,4,1,4,0.066667,1,11,1.247219,0.25,0.25,2,1,0,-4,0,"normal"
29,13,1,13,0.483333,1,1,1.472105,0.241379,0.241379,3.226844,0.5,-0.866025,1,0,"normal"
10,8,1,8,0.166667,1,3,2.624669,0.2,0.2,2.921928,-0.5,-0.866025,-20,0,"normal"
3,3,1,3,0.05,1,20,2,0.333333,0.333333,1.584963,-0.965926,0.258819,-9,0,"normal"
8,6,1,6,0.133333,1,2,3.325842,0.25,0.25,2.5,0,1,4,0,"normal"
12,9,1,9,0.2,1,2,2.36713,0.166667,0.166667,3.084963,-0.707107,-0.707107,-14,0,"normal"
6,1,1,1,0.1,1,2,0,1,1,0,-0.707107,0.707107,-2,1,"ddos"
3,3,1,3,0.05,1,21,3.5,0.333333,0.333333,1.584963,-1,0,-12,0,"normal"
6,6,1,6,0.1,1,6,2.039608,0.166667,0.166667,2.584963,0.707107,0.707107,1,0,"normal"
6,1,1,1,0.1,1,2,0,1,1,0,-0.707107,0.707107,-2,1,"ddos"
12,9,1,9,0.2,1,2,2.637931,0.166667,0.166667,3.084963,0,-1,-23,0,"normal"
6,1,1,1,0.1,1,2,0,1,1,0,-0.707107,0.707107,-2,1,"ddos"
21,11,1,11,0.35,1,1,1.841195,0.285714,0.285714,3.105672,0.258819,-0.965926,-11,0,"normal"
3,3,1,3,0.05,1,13,0.5,0.333333,0.333333,1.584963,-1,0,-12,0,"normal"
23,13,1,13,0.383333,1,1,1.267033,0.304348,0.304348,3.288502,0.707107,-0.707107,1,0,"normal"
4,4,1,4,0.066667,1,13,0.942809,0.25,0.25,2,0.707107,0.707107,-1,0,"normal"
11,11,1,11,0.183333,1,1,0,0.090909,0.090909,3.459432,0.965926,-0.258819,-1,1,"sybil"
5,1,1,1,0.083333,1,2,0,1,1,0,-0.258819,0.965926,0,1,"ddos"
13,9,1,9,0.216667,1,2,2.13925,0.153846,0.153846,3.085055,-0.258819,-0.965926,-21,0,"normal"
24,1,1,1,0.4,1,2,0,1,1,0,-0.707107,0.707107,16,1,"ddos"
21,3,1,3,0.35,1,1,1.299038,0.47619,0.47619,1.228576,0.707107,0.707107,16,1,"burst"
12,12,1,12,0.2,1,1,0,0.083333,0.083333,3.584963,0.965926,0.258819,7,1,"sybil"
25,12,1,12,0.416667,1,1,1.628202,0.24,0.24,3.208884,0.866025,-0.5,7,0,"normal"
13,4,1,4,0.216667,1,1,2.802529,0.769231,0.769231,1.14511,-0.258819,0.965926,8,0,"normal"
4,2,1,2,0.066667,1,10,2.357023,0.75,0.75,0.811278,-0.866025,0.5,-6,0,"normal"
3,2,1,2,0.05,1,16,6.5,0.666667,0.666667,0.918296,-0.965926,0.258819,-9,0,"normal"
7,7,1,7,0.116667,1,1,0,0.142857,0.142857,2.807355,1,0,-1,1,"sybil"
3,2,1,2,0.05,1,9,2,0.666667,0.666667,0.918296,-1,0,-12,0,"normal"
7,7,1,7,0.116667,1,6,1.914854,0.142857,0.142857,2.807355,0.965926,0.258819,2,0,"normal"
24,1,1,1,0.4,1,2,0,1,1,0,-0.707107,0.707107,16,1,"ddos"
10,7,1,7,0.166667,1,2,3.126944,0.4,0.4,2.521928,0.258819,0.965926,6,0,"normal"
5,1,1,1,0.083333,1,2,0,1,1,0,-0.258819,0.965926,0,1,"ddos"
23,14,1,14,0.383333,1,1,1.262949,0.130435,0.130435,3.675311,0.866025,-0.5,5,0,"normal"
29,9,1,9,0.483333,1,1,1.263196,0.448276,0.448276,2.522969,0.258819,-0.965926,-3,0,"normal"
5,4,1,4,0.083333,1,8,3.699662,0.4,0.4,1.921928,0.707107,0.707107,0,0,"normal"
5,4,1,4,0.083333,1,1,1.63936,0.4,0.4,1.921928,0.965926,0.258819,0,1,"burst"
25,1,1,1,0.416667,1,2,0,1,1,0,-0.258819,0.965926,20,1,"ddos"
34,13,1,13,0.566667,1,1,1.023148,0.176471,0.176471,3.399696,0.866025,-0.5,16,0,"normal"
11,11,1,11,0.183333,1,1,0,0.090909,0.090909,3.459432,0.965926,-0.258819,-1,1,"sybil"
6,1,1,1,0.1,1,2,0,1,1,0,-0.866025,0.5,-4,1,"ddos"
18,6,1,6,0.3,1,1,2.702043,0.388889,0.388889,2.189287,-0.258819,0.965926,13,0,"normal"
3,3,1,3,0.05,1,7,10,0.333333,0.333333,1.584963,-0.5,0.866025,-3,0,"normal"
8,6,1,6,0.133333,1,2,3.440456,0.25,0.25,2.5,-0.5,-0.866025,-22,0,"normal"
26,10,1,10,0.433333,1,1,1.304761,0.269231,0.269231,2.944613,0.707107,-0.707107,4,0,"normal"
10,9,1,9,0.166667,1,2,2.581989,0.2,0.2,3.121928,-0.5,-0.866025,-20,0,"normal"
4,2,1,2,0.066667,1,1,0.471405,0.5,0.5,1,0.866025,0.5,0,1,"burst"
10,7,1,7,0.166667,1,2,2.266231,0.2,0.2,2.721928,-0.707107,-0.707107,-16,0,"normal"
14,2,1,2,0.233333,1,1,0.498519,0.5,0.5,1,0.707107,0.707107,9,1,"burst"
5,5,1,5,0.083333,1,10,1.870829,0.2,0.2,2.321928,1,0,-3,0,"normal"
10,6,1,6,0.166667,1,2,6.718318,0.4,0.4,2.321928,0.258819,0.965926,6,0,"normal"
21,3,1,3,0.35,1,1,1.299038,0.47619,0.47619,1.228576,0.707107,0.707107,16,1,"burst"
3,3,1,3,0.05,1,4,1,0.333333,0.333333,1.584963,0.866025,0.5,-1,1,"burst"
18,18,1,18,0.3,1,1,0,0.055556,0.055556,4.169925,1,0,10,1,"sybil"
11,10,1,10,0.183333,1,2,2.357965,0.181818,0.181818,3.277613,-0.258819,-0.965926,-23,0,"normal"
5,4,1,4,0.083333,1,11,1.658312,0.4,0.4,1.921928,0.866025,0.5,1,0,"normal"
10,8,1,8,0.166667,1,3,2.377882,0.2,0.2,2.921928,-0.258819,-0.965926,-24,0,"normal"
14,5,1,5,0.233333,1,1,1.865285,0.428571,0.428571,1.870254,0.965926,0.258819,9,1,"burst"
6,4,1,4,0.1,1,7,2.75681,0.5,0.5,1.792481,0.965926,0.258819,1,0,"normal"
6,5,1,5,0.1,1,6,3.249615,0.333333,0.333333,2.251629,1,0,-2,0,"normal"
19,2,1,2,0.316667,1,1,0.5,0.526316,0.526316,0.998001,0.965926,0.258819,14,1,"burst"
32,13,1,13,0.533333,1,1,1.019069,0.34375,0.34375,3.022718,0.258819,-0.965926,0,0,"normal"
11,8,1,8,0.183333,1,2,2.872281,0.181818,0.181818,2.913977,-0.258819,-0.965926,-23,0,"normal"
10,2,1,2,0.166667,1,1,0.496904,0.5,0.5,1,0.707107,0.707107,5,1,"burst"
28,11,1,11,0.466667,1,1,1.165343,0.25,0.25,2.917619,0.5,-0.866025,0,0,"normal"
13,11,1,11,0.216667,1,2,1.674979,0.153846,0.153846,3.392747,0,-1,-22,0,"normal"
33,13,1,13,0.55,1,1,1.037858,0.212121,0.212121,3.214681,0.258819,-0.965926,1,0,"normal"
3,3,1,3,0.05,1,10,4,0.333333,0.333333,1.584963,-0.965926,0.258819,-9,0,"normal"
25,1,1,1,0.416667,1,2,0,1,1,0,-0.5,0.866025,19,1,"ddos"
10,6,1,6,0.166667,1,2,2.403701,0.2,0.2,2.521928,-0.5,-0.866025,-20,0,"normal"
28,10,1,10,0.466667,1,1,1.184027,0.214286,0.214286,2.972209,0.5,-0.866025,0,0,"normal"
11,10,1,10,0.183333,1,3,2.6,0.181818,0.181818,3.277613,-0.258819,-0.965926,-23,0,"normal"
6,1,1,1,0.1,1,2,0,1,1,0,-0.707107,0.707107,-2,1,"ddos"
11,8,1,8,0.183333,1,2,2.764055,0.181818,0.181818,2.913977,0,-1,-24,0,"normal"
9,8,1,8,0.15,1,2,2.204399,0.222222,0.222222,2.947703,-0.258819,-0.965926,-25,0,"normal"
29,9,1,9,0.483333,1,1,1.624117,0.241379,0.241379,2.815385,0.866025,-0.5,11,0,"normal"
5,4,1,4,0.083333,1,6,2.872281,0.4,0.4,1.921928,0.965926,0.258819,0,0,"normal"
21,3,1,3,0.35,1,1,1.299038,0.47619,0.47619,1.228576,0.866025,0.5,17,1,"burst"
5,4,1,4,0.083333,1,6,3.344772,0.4,0.4,1.921928,0.707107,0.707107,0,0,"normal"
5,5,1,5,0.083333,1,8,2.58602,0.2,0.2,2.321928,0.707107,0.707107,0,0,"normal"
22,13,1,13,0.366667,1,1,1.219643,0.136364,0.136364,3.538311,0.5,-0.866025,-6,0,"normal"
22,11,1,11,0.366667,1,1,1.168366,0.272727,0.272727,3.140361,0.866025,-0.5,4,0,"normal"
11,10,1,10,0.183333,1,2,2.773085,0.181818,0.181818,3.277613,-0.5,-0.866025,-19,0,"normal"
5,1,1,1,0.083333,1,2,0,1,1,0,-0.5,0.866025,-1,1,"ddos"
5,1,1,1,0.083333,1,2,0,1,1,0,-0.258819,0.965926,0,1,"ddos"
8,4,1,4,0.133333,1,1,7.90763,0.5,0.5,1.75,0.5,0.866025,3,0,"normal"
19,19,1,19,0.316667,1,1,0,0.052632,0.052632,4.247928,1,0,11,1,"sybil"
8,4,1,4,0.133333,1,1,3.907084,0.5,0.5,1.75,0,1,4,0,"normal"
13,9,1,9,0.216667,1,2,2.778889,0.153846,0.153846,3.085055,0,-1,-22,0,"normal"
13,5,1,5,0.216667,1,1,1.598611,0.384615,0.384615,1.914341,0.965926,0.258819,8,1,"burst"
11,7,1,7,0.183333,1,2,2.75681,0.181818,0.181818,2.732159,-0.258819,-0.965926,-23,0,"normal"
26,8,1,8,0.433333,1,1,2.029384,0.269231,0.269231,2.597708,0.258819,-0.965926,-6,0,"normal"
12,6,1,6,0.2,1,2,1.911254,0.333333,0.333333,2.355389,0,1,8,0,"normal"
3,3,1,3,0.05,1,14,0.5,0.333333,0.333333,1.584963,-0.866025,-0.5,-19,0,"normal"
25,1,1,1,0.416667,1,2,0,1,1,0,-0.5,0.866025,19,1,"ddos"
9,8,1,8,0.15,1,3,2.689679,0.222222,0.222222,2.947703,0,-1,-26,0,"normal"
12,9,1,9,0.2,1,2,2.452861,0.166667,0.166667,3.084963,-0.5,-0.866025,-18,0,"normal"
11,10,1,10,0.183333,1,2,2.332381,0.181818,0.181818,3.277613,-0.707107,-0.707107,-15,0,"normal"
5,4,1,4,0.083333,1,8,1.63936,0.4,0.4,1.921928,1,0,-3,0,"normal"
9,7,1,7,0.15,1,3,2.52178,0.222222,0.222222,2.725481,-0.5,-0.866025,-21,0,"normal"
16,5,1,5,0.266667,1,1,5.635601,0.75,0.75,1.311278,0,1,12,0,"normal"
25,1,1,1,0.416667,1,2,0,1,1,0,-0.258819,0.965926,20,1,"ddos"
21,4,1,4,0.35,1,1,3.073679,0.47619,0.47619,1.648239,-0.707107,0.707107,13,0,"normal"
24,1,1,1,0.4,1,2,0,1,1,0,-0.707107,0.707107,16,1,"ddos"
8,8,1,8,0.133333,1,1,0,0.125,0.125,3,0.965926,-0.258819,-4,1,"sybil"
31,12,1,12,0.516667,1,1,1.175679,0.225806,0.225806,3.174801,0.5,-0.866025,3,0,"normal"
23,5,1,5,0.383333,1,1,1.330662,0.434783,0.434783,1.634929,0.5,0.866025,18,1,"burst"
8,6,1,6,0.133333,1,2,2.976095,0.25,0.25,2.5,-0.5,0.866025,2,0,"normal"
8,8,1,8,0.133333,1,1,0,0.125,0.125,3,0.965926,-0.258819,-4,1,"sybil"
25,1,1,1,0.416667,1,2,0,1,1,0,-0.258819,0.965926,20,1,"ddos"
31,11,1,11,0.516667,1,1,1.135782,0.193548,0.193548,3.075524,0.707107,-0.707107,9,0,"normal"
30,13,1,13,0.5,1,1,1.033333,0.2,0.2,3.336243,0.5,-0.866025,2,0,"normal"
6,6,1,6,0.1,1,7,2.244994,0.166667,0.166667,2.584963,0.866025,0.5,2,0,"normal"
9,6,1,6,0.15,1,2,3.570714,0.444444,0.444444,2.281036,-0.5,0.866025,3,0,"normal"
8,5,1,5,0.133333,1,2,2.555506,0.375,0.375,2.155639,0,1,4,0,"normal"
10,9,1,9,0.166667,1,3,1.571348,0.2,0.2,3.121928,-0.707107,-0.707107,-16,0,"normal"
8,5,1,5,0.133333,1,1,1.641304,0.375,0.375,2.155639,0.5,0.866025,3,1,"burst"
24,1,1,1,0.4,1,2,0,1,1,0,-0.707107,0.707107,16,1,"ddos"
25,1,1,1,0.416667,1,2,0,1,1,0,-0.258819,0.965926,20,1,"ddos"
10,8,1,8,0.166667,1,2,2.884612,0.2,0.2,2.921928,-0.258819,-0.965926,-24,0,"normal"
6,5,1,5,0.1,1,7,3.187475,0.333333,0.333333,2.251629,0.965926,0.258819,1,0,"normal"
4,2,1,2,0.066667,1,1,0.471405,0.5,0.5,1,0.866025,0.5,0,1,"burst"
6,6,1,6,0.1,1,7,8.309031,0.166667,0.166667,2.584963,0.5,0.866025,1,0,"normal"
11,8,1,8,0.183333,1,2,2.022375,0.181818,0.181818,2.913977,-0.866025,-0.5,-11,0,"normal"
26,14,1,14,0.433333,1,1,1.434434,0.153846,0.153846,3.594483,0.5,-0.866025,-2,0,"normal"
11,7,1,7,0.183333,1,2,3.606938,0.181818,0.181818,2.732159,-0.5,-0.866025,-19,0,"normal"
10,8,1,8,0.166667,1,2,3.166179,0.2,0.2,2.921928,0,-1,-25,0,"normal"
6,1,1,1,0.1,1,2,0,1,1,0,-0.707107,0.707107,-2,1,"ddos"
10,8,1,8,0.166667,1,2,3.552082,0.2,0.2,2.921928,-0.258819,-0.965926,-24,0,"normal"
15,6,1,6,0.25,1,1,4.825527,0.533333,0.533333,1.989898,-0.258819,0.965926,10,0,"normal"
23,5,1,5,0.383333,1,1,1.648942,0.434783,0.434783,1.634929,0.965926,0.258819,18,1,"burst"
3,3,1,3,0.05,1,11,3.5,0.333333,0.333333,1.584963,-0.965926,0.258819,-9,0,"normal"
6,5,1,5,0.1,1,2,5.932959,0.333333,0.333333,2.251629,-0.258819,0.965926,1,0,"normal"
6,1,1,1,0.1,1,2,0,1,1,0,-0.707107,0.707107,-2,1,"ddos"
10,7,1,7,0.166667,1,1,3.887301,0.3,0.3,2.646439,-0.258819,0.965926,5,0,"normal"
9,7,1,7,0.15,1,2,2.803458,0.222222,0.222222,2.725481,-0.866025,-0.5,-13,0,"normal"
6,5,1,5,0.1,1,6,2.87054,0.333333,0.333333,2.251629,0.965926,0.258819,1,0,"normal"
10,8,1,8,0.166667,1,2,4.163332,0.2,0.2,2.921928,-0.866025,-0.5,-12,0,"normal"
4,4,1,4,0.066667,1,11,1.699673,0.25,0.25,2,0.707107,0.707107,-1,0,"normal"
6,5,1,5,0.1,1,6,3.498571,0.333333,0.333333,2.251629,0.866025,0.5,2,0,"normal"
26,13,1,13,0.433333,1,1,1.53675,0.269231,0.269231,3.26732,0.866025,-0.5,8,0,"normal"
9,5,1,5,0.15,1,1,6.22495,0.333333,0.333333,2.19716,0.5,0.866025,4,0,"normal"
26,11,1,11,0.433333,1,1,1.261111,0.384615,0.384615,2.80739,0,-1,-9,0,"normal"
25,1,1,1,0.416667,1,2,0,1,1,0,-0.5,0.866025,19,1,"ddos"
24,11,1,11,0.4,1,1,1.975272,0.25,0.25,3.105389,0.866025,-0.5,6,0,"normal"
17,5,1,5,0.283333,1,1,1.390537,0.411765,0.411765,1.775523,0.866025,0.5,13,1,"burst"
30,10,1,10,0.5,1,1,1.259447,0.266667,0.266667,2.961406,0,-1,-5,0,"normal"
23,13,1,13,0.383333,1,1,2.031264,0.173913,0.173913,3.468577,0.707107,-0.707107,1,0,"normal"
11,5,1,5,0.183333,1,1,7.537241,0.272727,0.272727,2.162644,0.258819,0.965926,7,0,"normal"
11,11,1,11,0.183333,1,1,0,0.090909,0.090909,3.459432,0.965926,-0.258819,-1,1,"sybil"
20,2,1,2,0.333333,1,1,0.499307,0.5,0.5,1,0.965926,0.258819,15,1,"burst"
7,7,1,7,0.116667,1,1,0,0.142857,0.142857,2.807355,1,0,-1,1,"sybil"
32,13,1,13,0.533333,1,1,1.068906,0.1875,0.1875,3.378928,0.965926,-0.258819,20,0,"normal"
5,5,1,5,0.083333,1,11,1.658312,0.2,0.2,2.321928,0.866025,0.5,1,0,"normal"
19,19,1,19,0.316667,1,1,0,0.052632,0.052632,4.247928,1,0,11,1,"sybil"
11,11,1,11,0.183333,1,1,0,0.090909,0.090909,3.459432,0.965926,-0.258819,-1,1,"sybil"
24,1,1,1,0.4,1,2,0,1,1,0,-0.5,0.866025,18,1,"ddos"
8,8,1,8,0.133333,1,3,2.203893,0.125,0.125,3,0,-1,-27,0,"normal"
6,1,1,1,0.1,1,2,0,1,1,0,-0.866025,0.5,-4,1,"ddos"
9,8,1,8,0.15,1,2,2.645751,0.222222,0.222222,2.947703,0,-1,-26,0,"normal"
22,11,1,11,0.366667,1,1,1.715608,0.363636,0.363636,2.970573,0.707107,-0.707107,0,0,"normal"
29,11,1,11,0.483333,1,1,1.401075,0.413793,0.413793,2.839728,0.5,-0.866025,1,0,"normal"
3,3,1,3,0.05,1,10,7.5,0.333333,0.333333,1.584963,-1,0,-12,0,"normal"
7,5,1,5,0.116667,1,6,2.687419,0.285714,0.285714,2.235926,1,0,-1,0,"normal"
3,3,1,3,0.05,1,13,5.5,0.333333,0.333333,1.584963,-1,0,-12,0,"normal"
19,5,1,5,0.316667,1,1,1.333333,0.421053,0.421053,1.721612,0.707107,0.707107,14,1,"burst"
5,1,1,1,0.083333,1,2,0,1,1,0,-0.258819,0.965926,0,1,"ddos"
7,7,1,7,0.116667,1,6,1.732051,0.142857,0.142857,2.807355,0.866025,0.5,3,0,"normal"
20,2,1,2,0.333333,1,1,0.499307,0.5,0.5,1,0.866025,0.5,16,1,"burst"
3,3,1,3,0.05,1,5,0,0.333333,0.333333,1.584963,0.866025,0.5,-1,1,"burst"
4,4,1,4,0.066667,1,13,3.559026,0.25,0.25,2,0.707107,0.707107,-1,0,"normal"
5,1,1,1,0.083333,1,2,0,1,1,0,-0.258819,0.965926,0,1,"ddos"
7,7,1,7,0.116667,1,1,0,0.142857,0.142857,2.807355,1,0,-1,1,"sybil"
4,3,1,3,0.066667,1,13,3.559026,0.5,0.5,1.5,0.965926,0.258819,-1,0,"normal"
19,19,1,19,0.316667,1,1,0,0.052632,0.052632,4.247928,0.965926,-0.258819,7,1,"sybil"
19,19,1,19,0.316667,1,1,0,0.052632,0.052632,4.247928,1,0,11,1,"sybil"
15,3,1,3,0.25,1,1,7.035261,0.6,0.6,1.370951,0.5,0.866025,10,0,"normal"
29,11,1,11,0.483333,1,1,1.295105,0.448276,0.448276,2.595378,0.707107,-0.707107,7,0,"normal"
6,4,1,4,0.1,1,7,2.416609,0.5,0.5,1.792481,1,0,-2,0,"normal"
23,4,1,4,0.383333,1,1,1.397311,0.434783,0.434783,1.547972,0.965926,0.258819,18,1,"burst"
9,7,1,7,0.15,1,2,4.520785,0.222222,0.222222,2.725481,-0.258819,-0.965926,-25,0,"normal"
7,5,1,5,0.116667,1,3,6.66875,0.428571,0.428571,2.128085,-0.5,0.866025,1,0,"normal"
13,4,1,4,0.216667,1,1,3.122499,0.307692,0.307692,1.854286,-0.707107,0.707107,5,0,"normal"
31,14,1,14,0.516667,1,1,1.015983,0.290323,0.290323,3.324218,0.866025,-0.5,13,0,"normal"
11,8,1,8,0.183333,1,2,3.96106,0.363636,0.363636,2.732159,-0.5,0.866025,5,0,"normal"
3,3,1,3,0.05,1,16,4,0.333333,0.333333,1.584963,-0.965926,-0.258819,-15,0,"normal"
3,2,1,2,0.05,1,21,0,0.666667,0.666667,0.918296,-1,0,-12,0,"normal"
32,12,1,12,0.533333,1,1,1.029229,0.1875,0.1875,3.343139,0.965926,-0.258819,20,0,"normal"
13,3,1,3,0.216667,1,1,3.804237,0.846154,0.846154,0.773228,0.258819,0.965926,9,0,"normal"
20,5,1,5,0.333333,1,1,1.468034,0.45,0.45,1.695462,0.866025,0.5,16,1,"burst"
6,2,1,2,0.1,1,3,5.083306,0.666667,0.666667,0.918296,0,-1,-29,0,"normal"
5,3,1,3,0.083333,1,9,2.12132,0.4,0.4,1.521928,0.866025,0.5,1,0,"normal"
4,4,1,4,0.066667,1,6,4.027682,0.25,0.25,2,0.965926,-0.258819,-8,0,"normal"
21,13,1,13,0.35,1,1,1.268858,0.190476,0.190476,3.463281,0.258819,-0.965926,-11,0,"normal"
31,13,1,13,0.516667,1,1,1.024153,0.193548,0.193548,3.317775,0.707107,-0.707107,9,0,"normal"
10,8,1,8,0.166667,1,2,3.333333,0.2,0.2,2.921928,-0.707107,-0.707107,-16,0,"normal"
6,1,1,1,0.1,1,2,0,1,1,0,-0.866025,0.5,-4,1,"ddos"
15,6,1,6,0.25,1,1,3.582839,0.4,0.4,2.09893,-0.5,0.866025,9,0,"normal"
28,11,1,11,0.466667,1,1,1.438258,0.285714,0.285714,3.035582,0.965926,-0.258819,16,0,"normal"
17,5,1,5,0.283333,1,1,3.099899,0.411765,0.411765,1.775523,-0.707107,0.707107,9,0,"normal"
9,7,1,7,0.15,1,2,5.049752,0.222222,0.222222,2.725481,0,-1,-26,0,"normal"
19,19,1,19,0.316667,1,1,0,0.052632,0.052632,4.247928,0.965926,-0.258819,7,1,"sybil"
19,19,1,19,0.316667,1,1,0,0.052632,0.052632,4.247928,0.965926,-0.258819,7,1,"sybil"
19,19,1,19,0.316667,1,1,0,0.052632,0.052632,4.247928,0.965926,-0.258819,7,1,"sybil"
12,8,1,8,0.2,1,2,2.391445,0.166667,0.166667,2.918296,-0.707107,-0.707107,-14,0,"normal"
6,5,1,5,0.1,1,2,8.163333,0.333333,0.333333,2.251629,-0.5,0.866025,0,0,"normal"
5,5,1,5,0.083333,1,1,2.046338,0.2,0.2,2.321928,0.965926,0.258819,0,1,"burst"
17,5,1,5,0.283333,1,1,3.276336,0.588235,0.588235,1.736041,0,1,13,0,"normal"
10,8,1,8,0.166667,1,2,2.314741,0.2,0.2,2.921928,-0.707107,-0.707107,-16,0,"normal"
13,2,1,2,0.216667,1,1,0.5,0.538462,0.538462,0.995727,0.866025,0.5,9,1,"burst"
5,4,1,4,0.083333,1,2,10.368221,0.4,0.4,1.921928,0,1,1,0,"normal"
23,4,1,4,0.383333,1,1,1.414214,0.434783,0.434783,1.547972,0.965926,0.258819,18,1,"burst"
5,5,1,5,0.083333,1,6,5.584577,0.2,0.2,2.321928,1,0,-3,0,"normal"
4,2,1,2,0.066667,1,11,0.471405,0.5,0.5,1,0,-1,-31,0,"normal"
6,1,1,1,0.1,1,2,0,1,1,0,-0.5,0.866025,0,1,"ddos"
24,12,1,12,0.4,1,1,1.690628,0.208333,0.208333,3.236441,0.707107,-0.707107,2,0,"normal"
8,8,1,8,0.133333,1,3,3.907084,0.125,0.125,3,-0.5,-0.866025,-22,0,"normal"
4,4,1,4,0.066667,1,14,0.471405,0.25,0.25,2,0.707107,0.707107,-1,0,"normal"
30,12,1,12,0.5,1,1,1.155044,0.2,0.2,3.152584,0.965926,-0.258819,18,0,"normal"
3,3,1,3,0.05,1,5,0.5,0.333333,0.333333,1.584963,0.707107,0.707107,-2,1,"burst"
24,1,1,1,0.4,1,2,0,1,1,0,-0.866025,0.5,14,1,"ddos"
6,2,1,2,0.1,1,1,0.489898,0.5,0.5,1,0.707107,0.707107,1,1,"burst"
17,9,1,9,0.283333,1,1,3.449977,0.294118,0.294118,2.721623,-0.258819,0.965926,12,0,"normal"
6,6,1,6,0.1,1,8,3.187475,0.166667,0.166667,2.584963,0.965926,0.258819,1,0,"normal"
11,8,1,8,0.183333,1,1,3.645545,0.272727,0.272727,2.845351,0,1,7,0,"normal"
9,8,1,8,0.15,1,2,2.341874,0.222222,0.222222,2.947703,-0.866025,-0.5,-13,0,"normal"
5,5,1,5,0.083333,1,7,1.920286,0.2,0.2,2.321928,0.866025,0.5,1,0,"normal"
7,6,1,6,0.116667,1,7,1.885618,0.285714,0.285714,2.521641,0.965926,0.258819,2,0,"normal"
11,10,1,10,0.183333,1,3,2.002498,0.181818,0.181818,3.277613,-0.5,-0.866025,-19,0,"normal"
3,3,1,3,0.05,1,17,0.5,0.333333,0.333333,1.584963,-0.965926,-0.258819,-15,0,"normal"
10,6,1,6,0.166667,1,2,2.981424,0.2,0.2,2.521928,-0.258819,-0.965926,-24,0,"normal"
26,12,1,12,0.433333,1,1,1.228983,0.230769,0.230769,3.305645,0.258819,-0.965926,-6,0,"normal"
19,19,1,19,0.316667,1,1,0,0.052632,0.052632,4.247928,1,0,11,1,"sybil"
12,5,1,5,0.2,1,1,5.027199,0.5,0.5,1.896241,0.258819,0.965926,8,0,"normal"
25,1,1,1,0.416667,1,2,0,1,1,0,-0.258819,0.965926,20,1,"ddos"
25,1,1,1,0.416667,1,2,0,1,1,0,-0.5,0.866025,19,1,"ddos"
10,9,1,9,0.166667,1,2,2.357023,0.2,0.2,3.121928,-0.5,-0.866025,-20,0,"normal"
11,3,1,3,0.183333,1,2,3.448188,0.545455,0.545455,1.322179,-0.5,0.866025,5,0,"normal"
10,8,1,8,0.166667,1,2,5.533289,0.2,0.2,2.921928,0,-1,-25,0,"normal"
6,5,1,5,0.1,1,9,1.74356,0.333333,0.333333,2.251629,0.866025,0.5,2,0,"normal"
10,5,1,5,0.166667,1,1,2.905933,0.4,0.4,2.046439,-0.707107,0.707107,2,0,"normal"
11,7,1,7,0.183333,1,2,2.441311,0.181818,0.181818,2.732159,-0.258819,-0.965926,-23,0,"normal"
5,5,1,5,0.083333,1,6,2.54951,0.2,0.2,2.321928,1,0,-3,0,"normal"
6,1,1,1,0.1,1,2,0,1,1,0,-0.707107,0.707107,-2,1,"ddos"
23,5,1,5,0.383333,1,1,1.296052,0.434783,0.434783,1.634929,0.707107,0.707107,18,1,"burst"
12,10,1,10,0.2,1,3,2.219374,0.166667,0.166667,3.251629,0,-1,-23,0,"normal"
35,11,1,11,0.583333,1,1,1.025623,0.171429,0.171429,3.160887,0.258819,-0.965926,3,0,"normal"
6,6,1,6,0.1,1,6,2.135416,0.166667,0.166667,2.584963,0.866025,0.5,2,0,"normal"
7,6,1,6,0.116667,1,6,2.054805,0.285714,0.285714,2.521641,0.965926,0.258819,2,0,"normal"
8,8,1,8,0.133333,1,1,0,0.125,0.125,3,0.965926,-0.258819,-4,1,"sybil"
6,1,1,1,0.1,1,2,0,1,1,0,-0.707107,0.707107,-2,1,"ddos"
3,3,1,3,0.05,1,11,8.5,0.333333,0.333333,1.584963,-0.866025,0.5,-7,0,"normal"
20,5,1,5,0.333333,1,1,1.552409,0.45,0.45,1.695462,0.707107,0.707107,15,1,"burst"
19,19,1,19,0.316667,1,1,0,0.052632,0.052632,4.247928,1,0,11,1,"sybil"
18,18,1,18,0.3,1,1,0,0.055556,0.055556,4.169925,0.965926,0.258819,13,1,"sybil"
9,3,1,3,0.15,1,1,8.525696,0.444444,0.444444,1.392147,-0.258819,0.965926,4,0,"normal"
22,13,1,13,0.366667,1,1,1.108614,0.227273,0.227273,3.351953,0.5,-0.866025,-6,0,"normal"
21,11,1,11,0.35,1,1,1.568439,0.238095,0.238095,3.172811,0.5,-0.866025,-7,0,"normal"
24,1,1,1,0.4,1,2,0,1,1,0,-0.5,0.866025,18,1,"ddos"
12,6,1,6,0.2,1,1,3.846217,0.416667,0.416667,2.221252,-0.5,0.866025,6,0,"normal"
6,1,1,1,0.1,1,2,0,1,1,0,-0.707107,0.707107,-2,1,"ddos"
29,12,1,12,0.483333,1,1,1.25153,0.206897,0.206897,3.276108,0.707107,-0.707107,7,0,"normal"
3,3,1,3,0.05,1,16,0,0.333333,0.333333,1.584963,-0.965926,-0.258819,-15,0,"normal"
5,3,1,3,0.083333,1,1,2.598076,0.6,0.6,1.370951,0,1,1,0,"normal"
11,4,1,4,0.183333,1,1,4.534314,0.454545,0.454545,1.789929,-0.258819,0.965926,6,0,"normal"
26,13,1,13,0.433333,1,1,1.177115,0.230769,0.230769,3.349693,0.5,-0.866025,-2,0,"normal"
10,9,1,9,0.166667,1,2,2.858818,0.2,0.2,3.121928,-0.707107,-0.707107,-16,0,"normal"
8,8,1,8,0.133333,1,3,5.390846,0.125,0.125,3,-0.5,-0.866025,-22,0,"normal"
6,4,1,4,0.1,1,6,2.244994,0.333333,0.333333,1.918296,0.707107,0.707107,1,0,"normal"
19,19,1,19,0.316667,1,1,0,0.052632,0.052632,4.247928,0.965926,-0.258819,7,1,"sybil"
31,14,1,14,0.516667,1,1,0.991071,0.225806,0.225806,3.343998,0.866025,-0.5,13,0,"normal"
33,11,1,11,0.55,1,1,1.130196,0.30303,0.30303,2.885749,0.5,-0.866025,5,0,"normal"
6,1,1,1,0.1,1,2,0,1,1,0,-0.707107,0.707107,-2,1,"ddos"
5,5,1,5,0.083333,1,10,1,0.2,0.2,2.321928,0.965926,0.258819,0,0,"normal"
3,3,1,3,0.05,1,11,9,0.333333,0.333333,1.584963,-0.866025,0.5,-7,0,"normal"
6,1,1,1,0.1,1,2,0,1,1,0,-0.5,0.866025,0,1,"ddos"
8,4,1,4,0.133333,1,2,8.322578,0.625,0.625,1.548795,0,1,4,0,"normal"
6,5,1,5,0.1,1,7,2.481935,0.333333,0.333333,2.251629,0.965926,-0.258819,-6,0,"normal"
5,4,1,4,0.083333,1,9,2.487469,0.4,0.4,1.921928,0.707107,0.707107,0,0,"normal"
26,10,1,10,0.433333,1,1,1.312098,0.192308,0.192308,3.104903,0.866025,-0.5,8,0,"normal"
19,19,1,19,0.316667,1,1,0,0.052632,0.052632,4.247928,1,0,11,1,"sybil"
14,5,1,5,0.233333,1,1,3.893554,0.428571,0.428571,1.870254,0.5,0.866025,9,0,"normal"
12,9,1,9,0.2,1,2,2.442733,0.166667,0.166667,3.084963,-0.866025,-0.5,-10,0,"normal"
28,11,1,11,0.466667,1,1,1.594744,0.285714,0.285714,2.985228,0.866025,-0.5,10,0,"normal"
3,3,1,3,0.05,1,9,3,0.333333,0.333333,1.584963,1,0,-5,0,"normal"
28,10,1,10,0.466667,1,1,1.331274,0.214286,0.214286,3.118633,0.707107,-0.707107,6,0,"normal"
4,2,1,2,0.066667,1,2,10.614456,0.75,0.75,0.811278,-0.258819,0.965926,-1,0,"normal"
9,8,1,8,0.15,1,2,2.633913,0.222222,0.222222,2.947703,-0.258819,-0.965926,-25,0,"normal"
5,5,1,5,0.083333,1,11,0.433013,0.2,0.2,2.321928,0.965926,-0.258819,-7,0,"normal"
25,8,1,8,0.416667,1,1,2.03954,0.28,0.28,2.723216,0.258819,-0.965926,-7,0,"normal"
12,10,1,10,0.2,1,2,2.36713,0.166667,0.166667,3.251629,-0.258819,-0.965926,-22,0,"normal"
31,10,1,10,0.516667,1,1,1.123487,0.193548,0.193548,2.977286,0.258819,-0.965926,-1,0,"normal"
10,7,1,7,0.166667,1,3,4.121608,0.2,0.2,2.721928,-0.866025,-0.5,-12,0,"normal"
30,8,1,8,0.5,1,1,1.242337,0.266667,0.266667,2.647743,0.866025,-0.5,12,0,"normal"
6,5,1,5,0.1,1,7,2.280351,0.333333,0.333333,2.251629,0.866025,0.5,2,0,"normal"
4,4,1,4,0.066667,1,6,6.377042,0.25,0.25,2,0.866025,0.5,0,0,"normal"
25,13,1,13,0.416667,1,1,1.142609,0.2,0.2,3.379471,0.258819,-0.965926,-7,0,"normal"
23,5,1,5,0.383333,1,1,1.580485,0.434783,0.434783,1.634929,0.866025,0.5,19,1,"burst"
4,3,1,3,0.066667,1,11,8.524475,0.5,0.5,1.5,-0.965926,-0.258819,-14,0,"normal"
10,8,1,8,0.166667,1,3,2.615245,0.2,0.2,2.921928,0,-1,-25,0,"normal"
10,6,1,6,0.166667,1,2,3.685139,0.2,0.2,2.521928,-0.5,-0.866025,-20,0,"normal"
13,5,1,5,0.216667,1,1,2.059868,0.384615,0.384615,1.914341,0.965926,0.258819,8,1,"burst"
11,11,1,11,0.183333,1,1,0,0.090909,0.090909,3.459432,0.965926,-0.258819,-1,1,"sybil"
24,1,1,1,0.4,1,2,0,1,1,0,-0.707107,0.707107,16,1,"ddos"
5,5,1,5,0.083333,1,6,7.980445,0.2,0.2,2.321928,-0.5,0.866025,-1,0,"normal"
5,4,1,4,0.083333,1,6,3.112475,0.4,0.4,1.921928,0.965926,0.258819,0,0,"normal"
4,4,1,4,0.066667,1,6,3.771236,0.25,0.25,2,0.707107,0.707107,-1,0,"normal"
3,2,1,2,0.05,1,13,4,0.666667,0.666667,0.918296,-1,0,-12,0,"normal"
10,2,1,2,0.166667,1,1,0.496904,0.5,0.5,1,0.965926,0.258819,5,1,"burst"
4,4,1,4,0.066667,1,12,2.624669,0.25,0.25,2,-0.866025,-0.5,-18,0,"normal"
7,7,1,7,0.116667,1,1,0,0.142857,0.142857,2.807355,0.965926,0.258819,2,1,"sybil"
11,4,1,4,0.183333,1,1,6.982836,0.636364,0.636364,1.491115,0.258819,0.965926,7,0,"normal"
5,5,1,5,0.083333,1,8,5.53963,0.2,0.2,2.321928,0.965926,0.258819,0,0,"normal"
10,9,1,9,0.166667,1,3,1.74978,0.2,0.2,3.121928,-0.707107,-0.707107,-16,0,"normal"
27,12,1,12,0.45,1,1,1.287744,0.222222,0.222222,3.133612,0.866025,-0.5,9,0,"normal"
18,2,1,2,0.3,1,1,0.499134,0.5,0.5,1,0.866025,0.5,14,1,"burst"
32,11,1,11,0.533333,1,1,1.08341,0.21875,0.21875,3.100909,0.5,-0.866025,4,0,"normal"
19,19,1,19,0.316667,1,1,0,0.052632,0.052632,4.247928,1,0,11,1,"sybil"
6,6,1,6,0.1,1,6,4.816638,0.166667,0.166667,2.584963,0.707107,0.707107,1,0,"normal"
17,4,1,4,0.283333,1,1,7.390608,0.588235,0.588235,1.450467,-0.5,0.866025,11,0,"normal"
5,5,1,5,0.083333,1,1,1.870829,0.2,0.2,2.321928,0.965926,0.258819,0,1,"burst"
17,3,1,3,0.283333,1,1,0.966227,0.470588,0.470588,1.402081,0.5,0.866025,12,0,"normal"
9,7,1,7,0.15,1,3,2.384848,0.222222,0.222222,2.725481,-0.707107,-0.707107,-17,0,"normal"
19,19,1,19,0.316667,1,1,0,0.052632,0.052632,4.247928,0.965926,-0.258819,7,1,"sybil"
3,3,1,3,0.05,1,10,9,0.333333,0.333333,1.584963,-0.258819,0.965926,-2,0,"normal"
3,3,1,3,0.05,1,17,9.5,0.333333,0.333333,1.584963,-1,0,-12,0,"normal"
8,6,1,6,0.133333,1,2,4.242641,0.25,0.25,2.5,-0.258819,-0.965926,-26,0,"normal"
6,5,1,5,0.1,1,9,1.624808,0.333333,0.333333,2.251629,0.866025,0.5,2,0,"normal"
17,6,1,6,0.283333,1,1,3.372105,0.470588,0.470588,2.087463,0.5,0.866025,12,0,"normal"
10,10,1,10,0.166667,1,3,2.469568,0.1,0.1,3.321928,-0.866025,-0.5,-12,0,"normal"
6,3,1,3,0.1,1,2,3.655133,0.666667,0.666667,1.251629,-0.258819,0.965926,1,0,"normal"
19,19,1,19,0.316667,1,1,0,0.052632,0.052632,4.247928,1,0,11,1,"sybil"
10,4,1,4,0.166667,1,1,2.024541,0.4,0.4,1.846439,0.866025,0.5,6,1,"burst"
10,3,1,3,0.166667,1,1,9.30286,0.6,0.6,1.295462,-0.5,0.866025,4,0,"normal"
6,5,1,5,0.1,1,7,2.87054,0.333333,0.333333,2.251629,0.965926,0.258819,1,0,"normal"
19,4,1,4,0.316667,1,1,3.089209,0.421053,0.421053,1.747413,-0.5,0.866025,13,0,"normal"
14,4,1,4,0.233333,1,1,5.153272,0.357143,0.357143,1.835238,0.258819,0.965926,10,0,"normal"
8,8,1,8,0.133333,1,1,0,0.125,0.125,3,0.965926,-0.258819,-4,1,"sybil"
28,10,1,10,0.466667,1,1,1.388765,0.25,0.25,2.81923,0.258819,-0.965926,-4,0,"normal"
3,3,1,3,0.05,1,19,4.5,0.333333,0.333333,1.584963,-0.866025,0.5,-7,0,"normal"
27,11,1,11,0.45,1,1,1.367955,0.185185,0.185185,3.231946,0.866025,-0.5,9,0,"normal"
6,1,1,1,0.1,1,2,0,1,1,0,-0.707107,0.707107,-2,1,"ddos"
12,12,1,12,0.2,1,1,0,0.083333,0.083333,3.584963,1,0,4,1,"sybil"
28,13,1,13,0.466667,1,1,1.208112,0.178571,0.178571,3.481662,0.5,-0.866025,0,0,"normal"
10,10,1,10,0.166667,1,4,1.930905,0.1,0.1,3.321928,0,-1,-25,0,"normal"
11,7,1,7,0.183333,1,2,2.856571,0.272727,0.272727,2.663533,0.5,0.866025,6,0,"normal"
16,5,1,5,0.266667,1,1,2.264705,0.5625,0.5625,1.794737,-0.5,0.866025,10,0,"normal"
4,4,1,4,0.066667,1,12,4.242641,0.25,0.25,2,0,1,0,0,"normal"
18,5,1,5,0.3,1,1,6.835183,0.611111,0.611111,1.680556,0.258819,0.965926,14,0,"normal"
26,13,1,13,0.433333,1,1,1.335066,0.230769,0.230769,3.320659,0.965926,-0.258819,14,0,"normal"
24,11,1,11,0.4,1,1,1.056083,0.291667,0.291667,3.032416,0.5,-0.866025,-4,0,"normal"
11,4,1,4,0.183333,1,1,4,0.363636,0.363636,1.867634,0,1,7,0,"normal"
10,8,1,8,0.166667,1,2,2.766644,0.2,0.2,2.921928,-0.5,-0.866025,-20,0,"normal"
5,1,1,1,0.083333,1,2,0,1,1,0,-0.258819,0.965926,0,1,"ddos"
31,12,1,12,0.516667,1,1,1.339983,0.225806,0.225806,3.236096,0.707107,-0.707107,9,0,"normal"
24,1,1,1,0.4,1,2,0,1,1,0,-0.707107,0.707107,16,1,"ddos"
23,4,1,4,0.383333,1,1,1.202614,0.434783,0.434783,1.547972,0.707107,0.707107,18,1,"burst"
33,12,1,12,0.55,1,1,1.130196,0.212121,0.212121,3.183003,0.965926,-0.258819,21,0,"normal"
3,2,1,2,0.05,1,10,8.5,0.666667,0.666667,0.918296,-0.965926,0.258819,-9,0,"normal"
13,5,1,5,0.216667,1,1,3.02306,0.461538,0.461538,1.891995,-0.707107,0.707107,5,0,"normal"
25,13,1,13,0.416667,1,1,2.037411,0.28,0.28,3.233411,0.707107,-0.707107,3,0,"normal"
12,4,1,4,0.2,1,1,3.643175,0.333333,0.333333,1.855389,0.5,0.866025,7,0,"normal"
20,2,1,2,0.333333,1,1,0.499307,0.5,0.5,1,0.707107,0.707107,15,1,"burst"
24,12,1,12,0.4,1,1,1.440699,0.291667,0.291667,3.203243,0.707107,-0.707107,2,0,"normal"
5,5,1,5,0.083333,1,6,3.674235,0.2,0.2,2.321928,0.866025,0.5,1,0,"normal"
12,3,1,3,0.2,1,1,3.643175,0.666667,0.666667,1.188722,0.258819,0.965926,8,0,"normal"
24,1,1,1,0.4,1,2,0,1,1,0,-0.707107,0.707107,16,1,"ddos"
5,5,1,5,0.083333,1,7,5.214163,0.2,0.2,2.321928,1,0,-3,0,"normal"
4,3,1,3,0.066667,1,9,2.054805,0.5,0.5,1.5,0.866025,0.5,0,0,"normal"
10,9,1,9,0.166667,1,3,2.199888,0.2,0.2,3.121928,-0.5,-0.866025,-20,0,"normal"
26,12,1,12,0.433333,1,1,1.083697,0.230769,0.230769,3.276611,0.5,-0.866025,-2,0,"normal"
21,3,1,3,0.35,1,1,2.743629,0.809524,0.809524,0.892943,-0.258819,0.965926,16,0,"normal"
10,6,1,6,0.166667,1,2,4.109609,0.4,0.4,2.321928,0,1,6,0,"normal"
10,7,1,7,0.166667,1,2,4.570436,0.2,0.2,2.721928,-0.5,-0.866025,-20,0,"normal"
10,2,1,2,0.166667,1,1,0.496904,0.5,0.5,1,0.965926,0.258819,5,1,"burst"
11,10,1,10,0.183333,1,3,1.791647,0.181818,0.181818,3.277613,-0.5,-0.866025,-19,0,"normal"
3,3,1,3,0.05,1,13,3.5,0.333333,0.333333,1.584963,-0.965926,-0.258819,-15,0,"normal"
32,13,1,13,0.533333,1,1,1.145956,0.1875,0.1875,3.391127,0.258819,-0.965926,0,0,"normal"
32,12,1,12,0.533333,1,1,1.068906,0.21875,0.21875,3.14294,0.866025,-0.5,14,0,"normal"
26,12,1,12,0.433333,1,1,1.228983,0.230769,0.230769,3.243736,0.258819,-0.965926,-6,0,"normal"
3,3,1,3,0.05,1,11,7,0.333333,0.333333,1.584963,-1,0,-12,0,"normal"
12,4,1,4,0.2,1,1,6.840569,0.75,0.75,1.207519,-0.258819,0.965926,7,0,"normal"
3,3,1,3,0.05,1,9,3.5,0.333333,0.333333,1.584963,-0.965926,-0.258819,-15,0,"normal"
6,5,1,5,0.1,1,7,3.249615,0.333333,0.333333,2.251629,0.965926,-0.258819,-6,0,"normal"
8,2,1,2,0.133333,1,1,8.99206,0.875,0.875,0.543564,0.5,0.866025,3,0,"normal"
7,6,1,6,0.116667,1,8,1.771691,0.285714,0.285714,2.521641,0.707107,0.707107,2,0,"normal"
5,5,1,5,0.083333,1,6,2.345208,0.2,0.2,2.321928,0.965926,-0.258819,-7,0,"normal"
25,1,1,1,0.416667,1,2,0,1,1,0,-0.258819,0.965926,20,1,"ddos"
35,9,1,9,0.583333,1,1,1.025623,0.314286,0.314286,2.742492,0.5,-0.866025,7,0,"normal"
10,10,1,10,0.166667,1,3,2.211083,0.1,0.1,3.321928,-0.866025,-0.5,-12,0,"normal"
24,1,1,1,0.4,1,2,0,1,1,0,-0.5,0.866025,18,1,"ddos"
30,11,1,11,0.5,1,1,1.284685,0.3,0.3,3.010429,0.258819,-0.965926,-2,0,"normal"
25,10,1,10,0.416667,1,1,2.175862,0.28,0.28,2.77302,0.866025,-0.5,7,0,"normal"
3,2,1,2,0.05,1,4,0.5,0.666667,0.666667,0.918296,0.707107,0.707107,-2,1,"burst"
12,12,1,12,0.2,1,1,0,0.083333,0.083333,3.584963,0.965926,0.258819,7,1,"sybil"
15,4,1,4,0.25,1,1,1.980775,0.533333,0.533333,1.532915,0.5,0.866025,10,0,"normal"
12,4,1,4,0.2,1,1,3.679292,0.333333,0.333333,1.918296,-0.258819,0.965926,7,0,"normal"
5,3,1,3,0.083333,1,2,1.581139,0.4,0.4,1.521928,0.258819,0.965926,1,0,"normal"
10,8,1,8,0.166667,1,2,2.828427,0.2,0.2,2.921928,-0.5,-0.866025,-20,0,"normal"
6,5,1,5,0.1,1,3,5.035871,0.333333,0.333333,2.251629,0,1,2,0,"normal"
12,4,1,4,0.2,1,1,2.012359,0.5,0.5,1.625815,-0.258819,0.965926,7,0,"normal"
11,7,1,7,0.183333,1,2,2.801785,0.181818,0.181818,2.732159,-0.707107,-0.707107,-15,0,"normal"
24,1,1,1,0.4,1,2,0,1,1,0,-0.5,0.866025,18,1,"ddos"
17,5,1,5,0.283333,1,1,1.713914,0.411765,0.411765,1.775523,0.707107,0.707107,12,1,"burst"
28,11,1,11,0.466667,1,1,1.537818,0.214286,0.214286,3.142027,0.866025,-0.5,10,0,"normal"
5,5,1,5,0.083333,1,8,2.915476,0.2,0.2,2.321928,0.707107,0.707107,0,0,"normal"
22,6,1,6,0.366667,1,1,2.574953,0.454545,0.454545,1.965306,0.258819,0.965926,18,0,"normal"
11,9,1,9,0.183333,1,2,2.107131,0.181818,0.181818,3.095795,-0.866025,-0.5,-11,0,"normal"
9,6,1,6,0.15,1,2,2.260393,0.222222,0.222222,2.503258,-0.707107,-0.707107,-17,0,"normal"
6,4,1,4,0.1,1,2,3.487119,0.5,0.5,1.792481,0.258819,0.965926,2,0,"normal"
27,12,1,12,0.45,1,1,1.321197,0.259259,0.259259,3.128364,0.866025,-0.5,9,0,"normal"
3,3,1,3,0.05,1,17,1,0.333333,0.333333,1.584963,-0.866025,0.5,-7,0,"normal"
11,8,1,8,0.183333,1,2,2.57682,0.181818,0.181818,2.913977,-0.707107,-0.707107,-15,0,"normal"
24,1,1,1,0.4,1,2,0,1,1,0,-0.5,0.866025,18,1,"ddos"
6,6,1,6,0.1,1,7,2.039608,0.166667,0.166667,2.584963,0.965926,0.258819,1,0,"normal"
10,8,1,8,0.166667,1,2,2.330686,0.2,0.2,2.921928,-0.258819,-0.965926,-24,0,"normal"
12,12,1,12,0.2,1,1,0,0.083333,0.083333,3.584963,1,0,4,1,"sybil"
3,3,1,3,0.05,1,10,8,0.333333,0.333333,1.584963,-0.866025,0.5,-7,0,"normal"
25,11,1,11,0.416667,1,1,1.255543,0.24,0.24,3.243074,0,-1,-10,0,"normal"
10,6,1,6,0.166667,1,1,3.095197,0.4,0.4,2.321928,-0.5,0.866025,4,0,"normal"
5,5,1,5,0.083333,1,10,2.291288,0.2,0.2,2.321928,0.707107,0.707107,0,0,"normal"
5,4,1,4,0.083333,1,9,2.12132,0.4,0.4,1.921928,0.707107,0.707107,0,0,"normal"
3,3,1,3,0.05,1,21,1.5,0.333333,0.333333,1.584963,-0.965926,0.258819,-9,0,"normal"
4,4,1,4,0.066667,1,7,5.734884,0.25,0.25,2,0.707107,0.707107,-1,0,"normal"
10,3,1,3,0.166667,1,2,8.717798,0.5,0.5,1.360964,0.258819,0.965926,6,0,"normal"
4,3,1,3,0.066667,1,9,6.164414,0.5,0.5,1.5,-0.866025,-0.5,-18,0,"normal"
23,13,1,13,0.383333,1,1,1.114332,0.173913,0.173913,3.480084,0.5,-0.866025,-5,0,"normal"
5,1,1,1,0.083333,1,2,0,1,1,0,-0.258819,0.965926,0,1,"ddos"
11,9,1,9,0.183333,1,2,2.638181,0.181818,0.181818,3.095795,-0.707107,-0.707107,-15,0,"normal"
9,6,1,6,0.15,1,3,3.162278,0.222222,0.222222,2.503258,-0.258819,-0.965926,-25,0,"normal"
19,19,1,19,0.316667,1,1,0,0.052632,0.052632,4.247928,0.965926,-0.258819,7,1,"sybil"
5,5,1,5,0.083333,1,8,1.920286,0.2,0.2,2.321928,0.866025,0.5,1,0,"normal"
27,9,1,9,0.45,1,1,1.186711,0.259259,0.259259,2.814867,0.707107,-0.707107,5,0,"normal"
15,7,1,7,0.25,1,1,3.494164,0.466667,0.466667,2.279799,-0.5,0.866025,9,0,"normal"
6,3,1,3,0.1,1,2,9.907573,0.5,0.5,1.459148,0.5,0.866025,1,0,"normal"
24,1,1,1,0.4,1,2,0,1,1,0,-0.707107,0.707107,16,1,"ddos"
19,19,1,19,0.316667,1,1,0,0.052632,0.052632,4.247928,0.965926,-0.258819,7,1,"sybil"
3,3,1,3,0.05,1,15,6,0.333333,0.333333,1.584963,-0.965926,0.258819,-9,0,"normal"
25,1,1,1,0.416667,1,2,0,1,1,0,-0.258819,0.965926,20,1,"ddos"
7,7,1,7,0.116667,1,1,0,0.142857,0.142857,2.807355,1,0,-1,1,"sybil"
5,4,1,4,0.083333,1,7,5.024938,0.4,0.4,1.921928,0.965926,0.258819,0,0,"normal"
19,19,1,19,0.316667,1,1,0,0.052632,0.052632,4.247928,1,0,11,1,"sybil"
5,4,1,4,0.083333,1,7,2.947457,0.4,0.4,1.921928,1,0,-3,0,"normal"
3,2,1,2,0.05,1,11,2,0.666667,0.666667,0.918296,-0.965926,-0.258819,-15,0,"normal"
12,7,1,7,0.2,1,1,4.937627,0.333333,0.333333,2.584963,0.5,0.866025,7,0,"normal"
9,4,1,4,0.15,1,1,7.061117,0.444444,0.444444,1.752715,0.258819,0.965926,5,0,"normal"
9,6,1,6,0.15,1,2,3.418699,0.333333,0.333333,2.419382,0.258819,0.965926,5,0,"normal"
6,4,1,4,0.1,1,7,2.059126,0.333333,0.333333,1.918296,1,0,-2,0,"normal"
30,10,1,10,0.5,1,1,1.362833,0.266667,0.266667,2.864853,0.707107,-0.707107,8,0,"normal"
6,1,1,1,0.1,1,2,0,1,1,0,-0.707107,0.707107,-2,1,"ddos"
24,1,1,1,0.4,1,2,0,1,1,0,-0.707107,0.707107,16,1,"ddos"
9,6,1,6,0.15,1,2,2.891258,0.333333,0.333333,2.419382,0.5,0.866025,4,0,"normal"
11,7,1,7,0.183333,1,2,2.45153,0.181818,0.181818,2.732159,-0.707107,-0.707107,-15,0,"normal"
3,3,1,3,0.05,1,14,8,0.333333,0.333333,1.584963,0.707107,0.707107,-2,0,"normal"
9,7,1,7,0.15,1,2,2.912795,0.222222,0.222222,2.725481,-0.866025,-0.5,-13,0,"normal"
11,7,1,7,0.183333,1,2,3.168596,0.181818,0.181818,2.732159,-0.707107,-0.707107,-15,0,"normal"
6,5,1,5,0.1,1,6,3.03315,0.333333,0.333333,2.251629,0.965926,0.258819,1,0,"normal"
11,8,1,8,0.183333,1,2,2.685144,0.181818,0.181818,2.913977,-0.866025,-0.5,-11,0,"normal"
3,3,1,3,0.05,1,4,1,0.333333,0.333333,1.584963,0.965926,0.258819,-2,1,"burst"
18,7,1,7,0.3,1,1,2.545095,0.333333,0.333333,2.441069,0.258819,0.965926,14,0,"normal"
28,9,1,9,0.466667,1,1,1.466592,0.25,0.25,2.805289,0.707107,-0.707107,6,0,"normal"
12,5,1,5,0.2,1,2,3.692745,0.333333,0.333333,2.125815,0,1,8,0,"normal"
3,2,1,2,0.05,1,15,0.5,0.666667,0.666667,0.918296,-0.866025,0.5,-7,0,"normal"
8,6,1,6,0.133333,1,2,2.312345,0.25,0.25,2.5,-0.5,-0.866025,-22,0,"normal"
3,3,1,3,0.05,1,21,4.5,0.333333,0.333333,1.584963,-1,0,-12,0,"normal"
10,9,1,9,0.166667,1,3,1.699673,0.2,0.2,3.121928,-0.866025,-0.5,-12,0,"normal"
28,13,1,13,0.466667,1,1,1.123389,0.142857,0.142857,3.566109,0.965926,-0.258819,16,0,"normal"
5,1,1,1,0.083333,1,2,0,1,1,0,-0.258819,0.965926,0,1,"ddos"
13,5,1,5,0.216667,1,1,4.699291,0.538462,0.538462,1.823026,-0.5,0.866025,7,0,"normal"
24,1,1,1,0.4,1,2,0,1,1,0,-0.5,0.866025,18,1,"ddos"
3,2,1,2,0.05,1,16,5.5,0.666667,0.666667,0.918296,-0.965926,-0.258819,-15,0,"normal"
6,6,1,6,0.1,1,6,2.6533,0.166667,0.166667,2.584963,0.866025,0.5,2,0,"normal"
3,2,1,2,0.05,1,5,0,0.666667,0.666667,0.918296,0.866025,0.5,-1,1,"burst"
7,6,1,6,0.116667,1,6,3.804237,0.285714,0.285714,2.521641,1,0,-1,0,"normal"
4,4,1,4,0.066667,1,8,9.568467,0.25,0.25,2,0.866025,0.5,0,0,"normal"
20,4,1,4,0.333333,1,1,3.554093,0.6,0.6,1.395462,0.5,0.866025,15,0,"normal"
3,3,1,3,0.05,1,11,2.5,0.333333,0.333333,1.584963,-0.866025,0.5,-7,0,"normal"
15,2,1,2,0.25,1,1,0.5,0.533333,0.533333,0.996792,0.5,0.866025,10,1,"burst"
23,4,1,4,0.383333,1,1,1.739787,0.434783,0.434783,1.547972,0.866025,0.5,19,1,"burst"
3,3,1,3,0.05,1,19,2.5,0.333333,0.333333,1.584963,-0.866025,-0.5,-19,0,"normal"
6,4,1,4,0.1,1,6,2.6533,0.333333,0.333333,1.918296,0.707107,0.707107,1,0,"normal"
6,4,1,4,0.1,1,2,10.8,0.5,0.5,1.792481,0.258819,0.965926,2,0,"normal"
29,9,1,9,0.483333,1,1,1.2454,0.241379,0.241379,2.827955,0.258819,-0.965926,-3,0,"normal"
3,3,1,3,0.05,1,17,2,0.333333,0.333333,1.584963,-0.965926,-0.258819,-15,0,"normal"
6,4,1,4,0.1,1,2,4.923413,0.333333,0.333333,1.918296,-0.5,0.866025,0,0,"normal"
3,3,1,3,0.05,1,20,0,0.333333,0.333333,1.584963,-1,0,-12,0,"normal"
26,13,1,13,0.433333,1,1,1.29244,0.230769,0.230769,3.382568,0.866025,-0.5,8,0,"normal"
3,2,1,2,0.05,1,22,3.5,0.666667,0.666667,0.918296,-1,0,-12,0,"normal"
32,15,1,15,0.533333,1,1,0.97524,0.21875,0.21875,3.4995,0.707107,-0.707107,10,0,"normal"
7,6,1,6,0.116667,1,5,2.544056,0.285714,0.285714,2.521641,0.5,0.866025,2,0,"normal"
17,5,1,5,0.283333,1,1,3.822221,0.470588,0.470588,1.763358,-0.5,0.866025,11,0,"normal"
4,4,1,4,0.066667,1,11,1.247219,0.25,0.25,2,-0.866025,0.5,-6,0,"normal"
3,3,1,3,0.05,1,11,7,0.333333,0.333333,1.584963,-0.866025,0.5,-7,0,"normal"
27,14,1,14,0.45,1,1,1.085134,0.259259,0.259259,3.406503,0.258819,-0.965926,-5,0,"normal"
6,6,1,6,0.1,1,7,3.249615,0.166667,0.166667,2.584963,0.866025,0.5,2,0,"normal"
11,9,1,9,0.183333,1,2,3.579106,0.181818,0.181818,3.095795,-0.866025,-0.5,-11,0,"normal"
22,5,1,5,0.366667,1,1,1.430158,0.454545,0.454545,1.652677,0.707107,0.707107,17,1,"burst"
6,6,1,6,0.1,1,6,3.310589,0.166667,0.166667,2.584963,0.965926,0.258819,1,0,"normal"
16,4,1,4,0.266667,1,1,1.890326,0.4375,0.4375,1.677421,0.707107,0.707107,11,1,"burst"
22,3,1,3,0.366667,1,1,1.444357,0.454545,0.454545,1.348588,0.866025,0.5,18,1,"burst"
12,12,1,12,0.2,1,1,0,0.083333,0.083333,3.584963,0.965926,0.258819,7,1,"sybil"
10,7,1,7,0.166667,1,2,2.753225,0.2,0.2,2.721928,-0.866025,-0.5,-12,0,"normal"
10,7,1,7,0.166667,1,2,2.79329,0.2,0.2,2.721928,-0.5,-0.866025,-20,0,"normal"
5,5,1,5,0.083333,1,9,1.920286,0.2,0.2,2.321928,0.965926,0.258819,0,0,"normal"
4,3,1,3,0.066667,1,10,6.798693,0.5,0.5,1.5,-0.965926,-0.258819,-14,0,"normal"
4,4,1,4,0.066667,1,13,0.816497,0.25,0.25,2,0.965926,0.258819,-1,0,"normal"
5,5,1,5,0.083333,1,6,2.95804,0.2,0.2,2.321928,1,0,-3,0,"normal"
11,4,1,4,0.183333,1,1,7.733693,0.363636,0.363636,1.823068,0,1,7,0,"normal"
26,13,1,13,0.433333,1,1,2.05368,0.269231,0.269231,3.194237,0.965926,-0.258819,14,0,"normal"
9,4,1,4,0.15,1,1,1.85405,0.333333,0.333333,1.891061,0.707107,0.707107,4,1,"burst"
5,4,1,4,0.083333,1,6,7.154544,0.4,0.4,1.921928,1,0,-3,0,"normal"
13,6,1,6,0.216667,1,1,3.869396,0.538462,0.538462,2.034941,-0.5,0.866025,7,0,"normal"
5,2,1,2,0.083333,1,1,0.5,0.6,0.6,0.970951,0.5,0.866025,0,1,"burst"
32,10,1,10,0.533333,1,1,1.193984,0.25,0.25,2.941428,0.866025,-0.5,14,0,"normal"
12,12,1,12,0.2,1,1,0,0.083333,0.083333,3.584963,1,0,4,1,"sybil"
5,1,1,1,0.083333,1,8,5.678908,1,1,0,0,-1,-30,0,"normal"
5,1,1,1,0.083333,1,2,0,1,1,0,-0.258819,0.965926,0,1,"ddos"
6,5,1,5,0.1,1,6,2.993326,0.333333,0.333333,2.251629,0.866025,0.5,2,0,"normal"
3,3,1,3,0.05,1,9,14.5,0.333333,0.333333,1.584963,-0.258819,0.965926,-2,0,"normal"
9,8,1,8,0.15,1,2,2.331845,0.222222,0.222222,2.947703,-0.707107,-0.707107,-17,0,"normal"
6,5,1,5,0.1,1,6,3.487119,0.333333,0.333333,2.251629,1,0,-2,0,"normal"
10,5,1,5,0.166667,1,2,3.370167,0.3,0.3,2.170951,0.258819,0.965926,6,0,"normal"
12,7,1,7,0.2,1,2,2.429162,0.166667,0.166667,2.751629,-0.866025,-0.5,-10,0,"normal"
13,6,1,6,0.216667,1,1,1.885618,0.384615,0.384615,2.345852,0,1,9,0,"normal"
11,9,1,9,0.183333,1,3,1.8,0.181818,0.181818,3.095795,-0.707107,-0.707107,-15,0,"normal"
12,8,1,8,0.2,1,2,2.208174,0.166667,0.166667,2.918296,-0.866025,-0.5,-10,0,"normal"
13,9,1,9,0.216667,1,2,2.013841,0.153846,0.153846,3.085055,0,-1,-22,0,"normal"
11,7,1,7,0.183333,1,2,2.830194,0.363636,0.363636,2.550341,-0.258819,0.965926,6,0,"normal"
9,9,1,9,0.15,1,3,2.5,0.111111,0.111111,3.169925,-0.5,-0.866025,-21,0,"normal"
19,19,1,19,0.316667,1,1,0,0.052632,0.052632,4.247928,1,0,11,1,"sybil"
5,5,1,5,0.083333,1,9,1.658312,0.2,0.2,2.321928,1,0,-3,0,"normal"
6,1,1,1,0.1,1,2,0,1,1,0,-0.707107,0.707107,-2,1,"ddos"
35,10,1,10,0.583333,1,1,1.160181,0.2,0.2,3.039699,0.707107,-0.707107,13,0,"normal"
12,8,1,8,0.2,1,2,2.609582,0.166667,0.166667,2.918296,0,-1,-23,0,"normal"
5,3,1,3,0.083333,1,6,3.344772,0.4,0.4,1.521928,1,0,-3,0,"normal"
11,8,1,8,0.183333,1,2,2.410394,0.181818,0.181818,2.913977,0,-1,-24,0,"normal"
20,6,1,6,0.333333,1,1,2.027512,0.5,0.5,2.02322,-0.707107,0.707107,12,0,"normal"
11,11,1,11,0.183333,1,1,0,0.090909,0.090909,3.459432,0.965926,-0.258819,-1,1,"sybil"
3,3,1,3,0.05,1,25,1.5,0.333333,0.333333,1.584963,-1,0,-12,0,"normal"
6,6,1,6,0.1,1,6,2.56125,0.166667,0.166667,2.584963,0.965926,0.258819,1,0,"normal"
13,4,1,4,0.216667,1,1,1.649916,0.384615,0.384615,1.760495,0.965926,0.258819,8,1,"burst"
6,6,1,6,0.1,1,7,2.87054,0.166667,0.166667,2.584963,1,0,-2,0,"normal"
7,7,1,7,0.116667,1,1,0,0.142857,0.142857,2.807355,1,0,-1,1,"sybil"
9,7,1,7,0.15,1,2,2.915476,0.222222,0.222222,2.725481,-0.707107,-0.707107,-17,0,"normal"
5,5,1,5,0.083333,1,10,1.920286,0.2,0.2,2.321928,-0.866025,-0.5,-17,0,"normal"
19,19,1,19,0.316667,1,1,0,0.052632,0.052632,4.247928,0.965926,-0.258819,7,1,"sybil"
5,4,1,4,0.083333,1,6,2.277608,0.4,0.4,1.921928,1,0,-3,0,"normal"
5,5,1,5,0.083333,1,6,3.354102,0.2,0.2,2.321928,0.707107,0.707107,0,0,"normal"
6,6,1,6,0.1,1,6,2.925748,0.166667,0.166667,2.584963,0.707107,0.707107,1,0,"normal"
3,3,1,3,0.05,1,10,4.5,0.333333,0.333333,1.584963,-0.965926,-0.258819,-15,0,"normal"
5,5,1,5,0.083333,1,8,1.658312,0.2,0.2,2.321928,1,0,-3,0,"normal"
6,5,1,5,0.1,1,8,2.727636,0.333333,0.333333,2.251629,1,0,-2,0,"normal"
10,5,1,5,0.166667,1,1,2.211083,0.4,0.4,2.046439,0.707107,0.707107,5,1,"burst"
30,9,1,9,0.5,1,1,1.286535,0.233333,0.233333,2.919369,0.5,-0.866025,2,0,"normal"
6,1,1,1,0.1,1,2,0,1,1,0,-0.707107,0.707107,-2,1,"ddos"
24,9,1,9,0.4,1,1,2.164327,0.291667,0.291667,2.849484,0.707107,-0.707107,2,0,"normal"
3,2,1,2,0.05,1,11,4.5,0.666667,0.666667,0.918296,-0.866025,0.5,-7,0,"normal"
23,5,1,5,0.383333,1,1,1.397311,0.434783,0.434783,1.634929,0.866025,0.5,19,1,"burst"
19,19,1,19,0.316667,1,1,0,0.052632,0.052632,4.247928,1,0,11,1,"sybil"
7,6,1,6,0.116667,1,2,2.624669,0.285714,0.285714,2.521641,-0.5,0.866025,1,0,"normal"
11,11,1,11,0.183333,1,1,0,0.090909,0.090909,3.459432,0.965926,-0.258819,-1,1,"sybil"
6,1,1,1,0.1,1,2,0,1,1,0,-0.707107,0.707107,-2,1,"ddos"
6,1,1,1,0.1,1,2,0,1,1,0,-0.5,0.866025,0,1,"ddos"
28,11,1,11,0.466667,1,1,1.334362,0.214286,0.214286,3.070598,0.866025,-0.5,10,0,"normal"
6,6,1,6,0.1,1,6,2.416609,0.166667,0.166667,2.584963,0.866025,0.5,2,0,"normal"
28,11,1,11,0.466667,1,1,1.55114,0.25,0.25,2.849757,0.258819,-0.965926,-4,0,"normal"
13,10,1,10,0.216667,1,2,1.818119,0.153846,0.153846,3.238901,0,-1,-22,0,"normal"
9,6,1,6,0.15,1,2,3.15238,0.222222,0.222222,2.503258,-0.258819,-0.965926,-25,0,"normal"
5,5,1,5,0.083333,1,9,1.785357,0.2,0.2,2.321928,0.965926,-0.258819,-7,0,"normal"
10,8,1,8,0.166667,1,2,3.01027,0.2,0.2,2.921928,-0.707107,-0.707107,-16,0,"normal"
24,1,1,1,0.4,1,2,0,1,1,0,-0.5,0.866025,18,1,"ddos"
22,4,1,4,0.366667,1,1,1.283066,0.454545,0.454545,1.439497,0.707107,0.707107,17,1,"burst"
9,7,1,7,0.15,1,2,4.031129,0.222222,0.222222,2.725481,-0.5,-0.866025,-21,0,"normal"
30,11,1,11,0.5,1,1,1.422597,0.2,0.2,3.189898,0.258819,-0.965926,-2,0,"normal"
11,7,1,7,0.183333,1,2,2.4,0.181818,0.181818,2.732159,0,-1,-24,0,"normal"
3,3,1,3,0.05,1,15,0,0.333333,0.333333,1.584963,-1,0,-12,0,"normal"
22,4,1,4,0.366667,1,1,1.283066,0.454545,0.454545,1.439497,0.965926,0.258819,17,1,"burst"
29,8,1,8,0.483333,1,1,1.20955,0.241379,0.241379,2.618172,0,-1,-6,0,"normal"
5,1,1,1,0.083333,1,2,0,1,1,0,-0.258819,0.965926,0,1,"ddos"
14,5,1,5,0.233333,1,1,2.405615,0.571429,0.571429,1.753434,-0.258819,0.965926,9,0,"normal"
8,5,1,5,0.133333,1,2,3.295018,0.375,0.375,2.155639,-0.258819,0.965926,3,0,"normal"
25,1,1,1,0.416667,1,2,0,1,1,0,-0.258819,0.965926,20,1,"ddos"
9,5,1,5,0.15,1,1,4.608077,0.333333,0.333333,2.19716,-0.258819,0.965926,4,0,"normal"
24,1,1,1,0.4,1,2,0,1,1,0,-0.866025,0.5,14,1,"ddos"
7,7,1,7,0.116667,1,1,0,0.142857,0.142857,2.807355,1,0,-1,1,"sybil"
13,5,1,5,0.216667,1,2,2.711857,0.307692,0.307692,2.10391,-0.707107,0.707107,5,0,"normal"
22,4,1,4,0.366667,1,1,1.444357,0.454545,0.454545,1.439497,0.965926,0.258819,17,1,"burst"
11,4,1,4,0.183333,1,2,3.579106,0.454545,0.454545,1.676737,0.258819,0.965926,7,0,"normal"
30,13,1,13,0.5,1,1,1.124794,0.233333,0.233333,3.252702,0.965926,-0.258819,18,0,"normal"
9,4,1,4,0.15,1,1,4.12121,0.444444,0.444444,1.836592,-0.5,0.866025,3,0,"normal"
5,4,1,4,0.083333,1,6,7.3951,0.4,0.4,1.921928,0.866025,0.5,1,0,"normal"
8,8,1,8,0.133333,1,1,0,0.125,0.125,3,0.965926,-0.258819,-4,1,"sybil"
3,3,1,3,0.05,1,12,9,0.333333,0.333333,1.584963,-0.965926,-0.258819,-15,0,"normal"
24,1,1,1,0.4,1,2,0,1,1,0,-0.707107,0.707107,16,1,"ddos"
6,6,1,6,0.1,1,6,2.481935,0.166667,0.166667,2.584963,0.965926,0.258819,1,0,"normal"
3,3,1,3,0.05,1,13,4.5,0.333333,0.333333,1.584963,-0.866025,-0.5,-19,0,"normal"
30,12,1,12,0.5,1,1,1.048185,0.333333,0.333333,3.015922,0.707107,-0.707107,8,0,"normal"
4,3,1,3,0.066667,1,12,2.44949,0.5,0.5,1.5,-0.866025,0.5,-6,0,"normal"
20,19,1,19,0.333333,1,1,0.446594,0.1,0.1,4.221928,0.965926,0.258819,15,1,"sybil"
23,11,1,11,0.383333,1,1,2.014924,0.217391,0.217391,3.224679,0.965926,-0.258819,11,0,"normal"
6,1,1,1,0.1,1,2,0,1,1,0,-0.707107,0.707107,-2,1,"ddos"
4,4,1,4,0.066667,1,10,4.642796,0.25,0.25,2,1,0,-4,0,"normal"
25,1,1,1,0.416667,1,2,0,1,1,0,-0.258819,0.965926,20,1,"ddos"
5,1,1,1,0.083333,1,2,0,1,1,0,-0.258819,0.965926,0,1,"ddos"
30,8,1,8,0.5,1,1,1.564317,0.3,0.3,2.517204,0.707107,-0.707107,8,0,"normal"
11,11,1,11,0.183333,1,1,0,0.090909,0.090909,3.459432,0.965926,-0.258819,-1,1,"sybil"
21,3,1,3,0.35,1,1,0.90967,0.47619,0.47619,1.228576,0.866025,0.5,17,1,"burst"
30,9,1,9,0.5,1,1,1.268853,0.266667,0.266667,2.747861,0.965926,-0.258819,18,0,"normal"
15,6,1,6,0.25,1,1,3.136357,0.6,0.6,1.871602,-0.5,0.866025,9,0,"normal"
32,11,1,11,0.533333,1,1,1.166654,0.1875,0.1875,3.114416,0.866025,-0.5,14,0,"normal"
3,3,1,3,0.05,1,18,3,0.333333,0.333333,1.584963,-1,0,-12,0,"normal"
15,4,1,4,0.25,1,1,6.388766,0.6,0.6,1.471602,-0.5,0.866025,9,0,"normal"
6,4,1,4,0.1,1,7,2.638181,0.333333,0.333333,1.918296,1,0,-2,0,"normal"
15,2,1,2,0.25,1,1,1.611502,0.933333,0.933333,0.353359,0,1,11,0,"normal"
19,19,1,19,0.316667,1,1,0,0.052632,0.052632,4.247928,0.965926,-0.258819,7,1,"sybil"
12,4,1,4,0.2,1,1,3.420889,0.416667,0.416667,1.650022,-0.258819,0.965926,7,0,"normal"
6,5,1,5,0.1,1,7,2.481935,0.333333,0.333333,2.251629,0.965926,0.258819,1,0,"normal"
10,7,1,7,0.166667,1,3,3.735053,0.3,0.3,2.646439,0,1,6,0,"normal"
24,9,1,9,0.4,1,1,2.262541,0.291667,0.291667,2.703243,0.707107,-0.707107,2,0,"normal"
4,4,1,4,0.066667,1,9,6.377042,0.25,0.25,2,-0.866025,0.5,-6,0,"normal"
12,12,1,12,0.2,1,1,0,0.083333,0.083333,3.584963,1,0,4,1,"sybil"
31,10,1,10,0.516667,1,1,1.16857,0.193548,0.193548,3.106318,0.258819,-0.965926,-1,0,"normal"
25,13,1,13,0.416667,1,1,1.147915,0.28,0.28,3.347601,0.258819,-0.965926,-7,0,"normal"
23,4,1,4,0.383333,1,1,1.551459,0.434783,0.434783,1.547972,0.707107,0.707107,18,1,"burst"
11,7,1,7,0.183333,1,2,3.218695,0.272727,0.272727,2.663533,-0.707107,0.707107,3,0,"normal"
4,3,1,3,0.066667,1,12,4.027682,0.5,0.5,1.5,0.707107,0.707107,-1,0,"normal"
25,1,1,1,0.416667,1,2,0,1,1,0,-0.258819,0.965926,20,1,"ddos"
3,3,1,3,0.05,1,11,6.5,0.333333,0.333333,1.584963,-1,0,-12,0,"normal"
10,9,1,9,0.166667,1,2,2.249829,0.2,0.2,3.121928,-0.866025,-0.5,-12,0,"normal"
6,5,1,5,0.1,1,8,2.332381,0.333333,0.333333,2.251629,1,0,-2,0,"normal"
3,3,1,3,0.05,1,9,10,0.333333,0.333333,1.584963,-0.866025,-0.5,-19,0,"normal"
13,2,1,2,0.216667,1,1,0.5,0.538462,0.538462,0.995727,0.866025,0.5,9,1,"burst"
32,11,1,11,0.533333,1,1,1.046276,0.21875,0.21875,2.991229,0.965926,-0.258819,20,0,"normal"
3,2,1,2,0.05,1,9,10.5,0.666667,0.666667,0.918296,-1,0,-12,0,"normal"
23,5,1,5,0.383333,1,1,1.414214,0.434783,0.434783,1.634929,0.707107,0.707107,18,1,"burst"
9,7,1,7,0.15,1,3,2.955398,0.222222,0.222222,2.725481,0.5,0.866025,4,0,"normal"
23,5,1,5,0.383333,1,1,1.414214,0.434783,0.434783,1.634929,0.965926,0.258819,18,1,"burst"
3,3,1,3,0.05,1,15,1,0.333333,0.333333,1.584963,-0.965926,0.258819,-9,0,"normal"
3,3,1,3,0.05,1,13,4,0.333333,0.333333,1.584963,-0.965926,0.258819,-9,0,"normal"
4,4,1,4,0.066667,1,11,4.546061,0.25,0.25,2,-0.965926,0.258819,-8,0,"normal"
6,1,1,1,0.1,1,2,0,1,1,0,-0.5,0.866025,0,1,"ddos"
11,8,1,8,0.183333,1,3,3.034798,0.181818,0.181818,2.913977,-0.258819,-0.965926,-23,0,"normal"
5,5,1,5,0.083333,1,2,8.042854,0.2,0.2,2.321928,0.5,0.866025,0,0,"normal"
27,14,1,14,0.45,1,1,0.90691,0.222222,0.222222,3.513785,0.965926,-0.258819,15,0,"normal"
14,5,1,5,0.233333,1,1,3.092269,0.714286,0.714286,1.434549,-0.5,0.866025,8,0,"normal"
11,9,1,9,0.183333,1,2,2,0.181818,0.181818,3.095795,-0.5,-0.866025,-19,0,"normal"
6,6,1,6,0.1,1,6,2.75681,0.166667,0.166667,2.584963,0.965926,0.258819,1,0,"normal"
4,2,1,2,0.066667,1,8,1.247219,0.75,0.75,0.811278,0,-1,-31,0,"normal"
13,6,1,6,0.216667,1,1,4.66369,0.384615,0.384615,2.287784,0.258819,0.965926,9,0,"normal"
6,2,1,2,0.1,1,1,0.489898,0.5,0.5,1,0.866025,0.5,2,1,"burst"
27,11,1,11,0.45,1,1,1.093959,0.222222,0.222222,3.235645,0.258819,-0.965926,-5,0,"normal"
15,3,1,3,0.25,1,1,6.263353,0.666667,0.666667,1.158939,-0.5,0.866025,9,0,"normal"
13,7,1,7,0.216667,1,1,3.54632,0.307692,0.307692,2.565448,0,1,9,0,"normal"
16,6,1,6,0.266667,1,1,3.390182,0.4375,0.4375,2.224602,-0.5,0.866025,10,0,"normal"
18,13,1,13,0.3,1,2,1.57401,0.166667,0.166667,3.572431,0.965926,-0.258819,6,0,"normal"
11,7,1,7,0.183333,1,1,3.58469,0.363636,0.363636,2.550341,-0.258819,0.965926,6,0,"normal"
29,8,1,8,0.483333,1,1,1.933525,0.206897,0.206897,2.754749,0.866025,-0.5,11,0,"normal"
6,6,1,6,0.1,1,6,2.56125,0.166667,0.166667,2.584963,1,0,-2,0,"normal"
19,8,1,8,0.316667,1,1,1.979057,0.368421,0.368421,2.542329,0.965926,-0.258819,7,0,"normal"
11,2,1,2,0.183333,1,1,9.46784,0.545455,0.545455,0.99403,-0.258819,0.965926,6,0,"normal"
24,1,1,1,0.4,1,2,0,1,1,0,-0.866025,0.5,14,1,"ddos"
29,15,1,15,0.483333,1,1,1.099629,0.172414,0.172414,3.561097,0.965926,-0.258819,17,0,"normal"
13,7,1,7,0.216667,1,1,3.378856,0.538462,0.538462,2.188787,0,1,9,0,"normal"
11,8,1,8,0.183333,1,2,2.238303,0.181818,0.181818,2.913977,-0.5,-0.866025,-19,0,"normal"
4,2,1,2,0.066667,1,10,3.681787,0.5,0.5,1,-1,0,-11,0,"normal"
25,10,1,10,0.416667,1,1,1.74354,0.24,0.24,2.972879,0.965926,-0.258819,13,0,"normal"
10,7,1,7,0.166667,1,2,3.725123,0.3,0.3,2.646439,0,1,6,0,"normal"
6,5,1,5,0.1,1,6,4.498889,0.333333,0.333333,2.251629,0.707107,0.707107,1,0,"normal"
5,5,1,5,0.083333,1,8,2.12132,0.2,0.2,2.321928,0.866025,0.5,1,0,"normal"
4,2,1,2,0.066667,1,1,0.471405,0.5,0.5,1,0.707107,0.707107,-1,1,"burst"
6,4,1,4,0.1,1,2,10.107423,0.5,0.5,1.792481,-0.258819,0.965926,1,0,"normal"
9,4,1,4,0.15,1,2,7.904706,0.555556,0.555556,1.657743,0.5,0.866025,4,0,"normal"
6,1,1,1,0.1,1,2,0,1,1,0,-0.866025,0.5,-4,1,"ddos"
13,7,1,7,0.216667,1,1,3.451047,0.230769,0.230769,2.661226,0.5,0.866025,8,0,"normal"
10,8,1,8,0.166667,1,2,2.779999,0.2,0.2,2.921928,-0.5,-0.866025,-20,0,"normal"
11,8,1,8,0.183333,1,3,2.071232,0.181818,0.181818,2.913977,-0.258819,-0.965926,-23,0,"normal"
4,4,1,4,0.066667,1,10,5.436502,0.25,0.25,2,-0.965926,0.258819,-8,0,"normal"
11,7,1,7,0.183333,1,2,2.973214,0.181818,0.181818,2.732159,-0.5,-0.866025,-19,0,"normal"
30,12,1,12,0.5,1,1,1.114172,0.233333,0.233333,3.173024,0.5,-0.866025,2,0,"normal"
3,3,1,3,0.05,1,17,3,0.333333,0.333333,1.584963,-1,0,-12,0,"normal"
23,5,1,5,0.383333,1,1,1.739787,0.434783,0.434783,1.634929,0.866025,0.5,19,1,"burst"
5,1,1,1,0.083333,1,2,0,1,1,0,-0.5,0.866025,-1,1,"ddos"
5,4,1,4,0.083333,1,10,1.870829,0.4,0.4,1.921928,0.866025,0.5,1,0,"normal"
5,1,1,1,0.083333,1,2,0,1,1,0,-0.258819,0.965926,0,1,"ddos"
27,14,1,14,0.45,1,1,1.098681,0.333333,0.333333,3.271958,0.707107,-0.707107,5,0,"normal"
4,2,1,2,0.066667,1,1,0.471405,0.5,0.5,1,0.866025,0.5,0,1,"burst"
12,4,1,4,0.2,1,1,3.352562,0.75,0.75,1.207519,0.5,0.866025,7,0,"normal"
8,7,1,7,0.133333,1,3,4.890641,0.25,0.25,2.75,-0.866025,-0.5,-14,0,"normal"
6,4,1,4,0.1,1,3,3.382307,0.5,0.5,1.792481,0.258819,0.965926,2,0,"normal"
23,7,1,7,0.383333,1,1,2.311041,0.391304,0.391304,2.22201,0,1,19,0,"normal"
10,8,1,8,0.166667,1,2,3.829708,0.2,0.2,2.921928,-0.258819,-0.965926,-24,0,"normal"
19,6,1,6,0.316667,1,1,3.045438,0.473684,0.473684,2.075074,0,1,15,0,"normal"
4,4,1,4,0.066667,1,15,1.632993,0.25,0.25,2,-0.965926,0.258819,-8,0,"normal"
3,2,1,2,0.05,1,1,0.5,0.666667,0.666667,0.918296,0.866025,0.5,-1,1,"burst"
5,1,1,1,0.083333,1,2,0,1,1,0,-0.5,0.866025,-1,1,"ddos"
12,12,1,12,0.2,1,1,0,0.083333,0.083333,3.584963,1,0,4,1,"sybil"
20,5,1,5,0.333333,1,1,3.431966,0.4,0.4,1.901609,0,1,16,0,"normal"
6,5,1,5,0.1,1,6,2.56125,0.333333,0.333333,2.251629,0.965926,0.258819,1,0,"normal"
5,3,1,3,0.083333,1,8,2.772634,0.6,0.6,1.370951,0.707107,0.707107,0,0,"normal"
27,13,1,13,0.45,1,1,1.021224,0.148148,0.148148,3.5599,0.258819,-0.965926,-5,0,"normal"
9,4,1,4,0.15,1,2,3.805834,0.444444,0.444444,1.836592,0,1,5,0,"normal"
6,6,1,6,0.1,1,7,2.154066,0.166667,0.166667,2.584963,0.866025,0.5,2,0,"normal"
7,4,1,4,0.116667,1,2,8.888194,0.428571,0.428571,1.842371,0,1,3,0,"normal"
6,5,1,5,0.1,1,7,2.135416,0.333333,0.333333,2.251629,0.707107,0.707107,1,0,"normal"
30,11,1,11,0.5,1,1,1.033333,0.233333,0.233333,3.054636,0.866025,-0.5,12,0,"normal"
6,6,1,6,0.1,1,6,3.249615,0.166667,0.166667,2.584963,0.965926,0.258819,1,0,"normal"
11,7,1,7,0.183333,1,2,3.583295,0.181818,0.181818,2.732159,-0.866025,-0.5,-11,0,"normal"
6,4,1,4,0.1,1,7,1.720465,0.5,0.5,1.792481,0.965926,-0.258819,-6,0,"normal"
5,5,1,5,0.083333,1,6,3.082207,0.2,0.2,2.321928,0.866025,0.5,1,0,"normal"
17,4,1,4,0.283333,1,1,2.232571,0.411765,0.411765,1.657876,-0.707107,0.707107,9,0,"normal"
5,5,1,5,0.083333,1,9,1.870829,0.2,0.2,2.321928,0.866025,0.5,1,0,"normal"
6,1,1,1,0.1,1,2,0,1,1,0,-0.5,0.866025,0,1,"ddos"
7,7,1,7,0.116667,1,1,0,0.142857,0.142857,2.807355,1,0,-1,1,"sybil"
18,2,1,2,0.3,1,1,0.499134,0.5,0.5,1,0.965926,0.258819,13,1,"burst"
9,7,1,7,0.15,1,2,5.092887,0.222222,0.222222,2.725481,0,-1,-26,0,"normal"
12,9,1,9,0.2,1,3,2.193152,0.166667,0.166667,3.084963,-0.707107,-0.707107,-14,0,"normal"
32,13,1,13,0.533333,1,1,1.050246,0.34375,0.34375,3.111929,0.5,-0.866025,4,0,"normal"
3,2,1,2,0.05,1,15,0.5,0.666667,0.666667,0.918296,-0.965926,0.258819,-9,0,"normal"
19,19,1,19,0.316667,1,1,0,0.052632,0.052632,4.247928,1,0,11,1,"sybil"
3,3,1,3,0.05,1,20,5,0.333333,0.333333,1.584963,-0.965926,0.258819,-9,0,"normal"
15,4,1,4,0.25,1,1,5.909177,0.666667,0.666667,1.375279,0.5,0.866025,10,0,"normal"
29,14,1,14,0.483333,1,1,1.162773,0.37931,0.37931,3.174925,0.965926,-0.258819,17,0,"normal"
9,6,1,6,0.15,1,2,4.472136,0.222222,0.222222,2.503258,-0.5,-0.866025,-21,0,"normal"
12,6,1,6,0.2,1,1,8.317064,0.333333,0.333333,2.355389,-0.258819,0.965926,7,0,"normal"
19,19,1,19,0.316667,1,1,0,0.052632,0.052632,4.247928,0.965926,-0.258819,7,1,"sybil"
10,2,1,2,0.166667,1,1,0.496904,0.5,0.5,1,0.707107,0.707107,5,1,"burst"
8,6,1,6,0.133333,1,3,3.162278,0.25,0.25,2.5,-0.707107,-0.707107,-18,0,"normal"
31,12,1,12,0.516667,1,1,1.249,0.16129,0.16129,3.330367,0.5,-0.866025,3,0,"normal"
4,2,1,2,0.066667,1,7,5.906682,0.75,0.75,0.811278,0,-1,-31,0,"normal"
6,5,1,5,0.1,1,7,2.966479,0.333333,0.333333,2.251629,0.965926,-0.258819,-6,0,"normal"
3,2,1,2,0.05,1,19,3,0.666667,0.666667,0.918296,-0.965926,-0.258819,-15,0,"normal"
8,8,1,8,0.133333,1,1,0,0.125,0.125,3,0.965926,-0.258819,-4,1,"sybil"
10,8,1,8,0.166667,1,3,1.987616,0.2,0.2,2.921928,-0.707107,-0.707107,-16,0,"normal"
27,11,1,11,0.45,1,1,1.301456,0.37037,0.37037,2.80196,0.965926,-0.258819,15,0,"normal"
12,6,1,6,0.2,1,1,3.352562,0.583333,0.583333,1.947339,-0.258819,0.965926,7,0,"normal"
6,1,1,1,0.1,1,2,0,1,1,0,-0.5,0.866025,0,1,"ddos"
7,7,1,7,0.116667,1,2,3.337497,0.142857,0.142857,2.807355,-0.707107,0.707107,-1,0,"normal"
16,2,1,2,0.266667,1,1,0.498888,0.5,0.5,1,0.707107,0.707107,11,1,"burst"
33,8,1,8,0.55,1,1,1.438519,0.212121,0.212121,2.828169,0.258819,-0.965926,1,0,"normal"
25,10,1,10,0.416667,1,1,1.312335,0.28,0.28,2.913411,0.707107,-0.707107,3,0,"normal"
14,6,1,6,0.233333,1,2,5.220578,0.285714,0.285714,2.378783,0.5,0.866025,9,0,"normal"
24,1,1,1,0.4,1,2,0,1,1,0,-0.5,0.866025,18,1,"ddos"
12,5,1,5,0.2,1,1,4.030873,0.583333,0.583333,1.780672,0,1,8,0,"normal"
17,7,1,7,0.283333,1,1,3.132491,0.411765,0.411765,2.248573,-0.5,0.866025,11,0,"normal"
20,5,1,5,0.333333,1,1,3.053539,0.4,0.4,1.901609,0.5,0.866025,15,0,"normal"
3,3,1,3,0.05,1,4,0.5,0.333333,0.333333,1.584963,0.707107,0.707107,-2,1,"burst"
14,2,1,2,0.233333,1,1,0.498519,0.5,0.5,1,0.866025,0.5,10,1,"burst"
10,8,1,8,0.166667,1,3,3.918932,0.2,0.2,2.921928,-0.866025,-0.5,-12,0,"normal"
3,2,1,2,0.05,1,10,4.5,0.666667,0.666667,0.918296,-1,0,-12,0,"normal"
24,1,1,1,0.4,1,2,0,1,1,0,-0.5,0.866025,18,1,"ddos"
9,3,1,3,0.15,1,2,7.078798,0.555556,0.555556,1.351644,0.5,0.866025,4,0,"normal"
9,7,1,7,0.15,1,3,5.285594,0.222222,0.222222,2.725481,-0.866025,-0.5,-13,0,"normal"
3,3,1,3,0.05,1,26,0,0.333333,0.333333,1.584963,-1,0,-12,0,"normal"
33,10,1,10,0.55,1,1,1.268226,0.272727,0.272727,2.827469,0.707107,-0.707107,11,0,"normal"
19,19,1,19,0.316667,1,1,0,0.052632,0.052632,4.247928,0.866025,-0.5,1,1,"sybil"
31,10,1,10,0.516667,1,1,1.106044,0.258065,0.258065,3.062932,0.5,-0.866025,3,0,"normal"
3,2,1,2,0.05,1,13,5,0.666667,0.666667,0.918296,-0.965926,0.258819,-9,0,"normal"
10,7,1,7,0.166667,1,2,3.899984,0.2,0.2,2.721928,-0.5,-0.866025,-20,0,"normal"
11,11,1,11,0.183333,1,1,0,0.090909,0.090909,3.459432,0.965926,-0.258819,-1,1,"sybil"
5,5,1,5,0.083333,1,8,2.872281,0.2,0.2,2.321928,0.707107,0.707107,0,0,"normal"
23,5,1,5,0.383333,1,1,1.521879,0.434783,0.434783,1.634929,0.965926,0.258819,18,1,"burst"
17,7,1,7,0.283333,1,1,3.835993,0.588235,0.588235,2.01574,-0.5,0.866025,11,0,"normal"
33,13,1,13,0.55,1,1,1.210307,0.181818,0.181818,3.305483,0.866025,-0.5,15,0,"normal"
10,6,1,6,0.166667,1,1,4.103597,0.4,0.4,2.321928,-0.5,0.866025,4,0,"normal"
25,1,1,1,0.416667,1,2,0,1,1,0,0,1,21,1,"ddos"
25,1,1,1,0.416667,1,2,0,1,1,0,-0.258819,0.965926,20,1,"ddos"
23,4,1,4,0.383333,1,1,1.239835,0.434783,0.434783,1.547972,0.965926,0.258819,18,1,"burst"
10,7,1,7,0.166667,1,3,2.643417,0.2,0.2,2.721928,-0.258819,-0.965926,-24,0,"normal"
3,3,1,3,0.05,1,12,0.5,0.333333,0.333333,1.584963,-0.965926,-0.258819,-15,0,"normal"
8,3,1,3,0.133333,1,2,3.811904,0.5,0.5,1.5,0.5,0.866025,3,0,"normal"
6,6,1,6,0.1,1,1,0,0.166667,0.166667,2.584963,1,0,-2,1,"sybil"
4,4,1,4,0.066667,1,10,4.642796,0.25,0.25,2,-0.965926,0.258819,-8,0,"normal"
29,9,1,9,0.483333,1,1,1.179653,0.37931,0.37931,2.666135,0.258819,-0.965926,-3,0,"normal"
6,4,1,4,0.1,1,7,2.966479,0.333333,0.333333,1.918296,0.965926,0.258819,1,0,"normal"
25,1,1,1,0.416667,1,2,0,1,1,0,-0.258819,0.965926,20,1,"ddos"
5,5,1,5,0.083333,1,9,2.046338,0.2,0.2,2.321928,1,0,-3,0,"normal"
6,6,1,6,0.1,1,6,2.727636,0.166667,0.166667,2.584963,0.965926,0.258819,1,0,"normal"
10,7,1,7,0.166667,1,1,4.760952,0.3,0.3,2.646439,0.5,0.866025,5,0,"normal"
34,11,1,11,0.566667,1,1,1.119163,0.264706,0.264706,2.935742,0.5,-0.866025,6,0,"normal"
6,5,1,5,0.1,1,6,3.286335,0.333333,0.333333,2.251629,0.866025,0.5,2,0,"normal"
11,9,1,9,0.183333,1,2,1.962142,0.181818,0.181818,3.095795,-0.707107,-0.707107,-15,0,"normal"
5,4,1,4,0.083333,1,6,2.165064,0.4,0.4,1.921928,0.965926,-0.258819,-7,0,"normal"
6,6,1,6,0.1,1,6,3.261901,0.166667,0.166667,2.584963,1,0,-2,0,"normal"
5,1,1,1,0.083333,1,2,0,1,1,0,-0.258819,0.965926,0,1,"ddos"
22,9,1,9,0.366667,1,1,1.321375,0.272727,0.272727,2.828781,0.707107,-0.707107,0,0,"normal"
4,3,1,3,0.066667,1,10,6.128259,0.5,0.5,1.5,-0.965926,0.258819,-8,0,"normal"
4,2,1,2,0.066667,1,8,11.085526,0.5,0.5,1,0,-1,-31,0,"normal"
8,5,1,5,0.133333,1,2,3.681171,0.5,0.5,2,0.258819,0.965926,4,0,"normal"
6,1,1,1,0.1,1,2,0,1,1,0,-0.5,0.866025,0,1,"ddos"
6,5,1,5,0.1,1,7,2.280351,0.333333,0.333333,2.251629,1,0,-2,0,"normal"
4,4,1,4,0.066667,1,12,4.642796,0.25,0.25,2,1,0,-4,0,"normal"
26,13,1,13,0.433333,1,1,1.183892,0.269231,0.269231,3.329229,0.258819,-0.965926,-6,0,"normal"
8,8,1,8,0.133333,1,1,0,0.125,0.125,3,0.965926,-0.258819,-4,1,"sybil"
8,2,1,2,0.133333,1,1,0.494872,0.5,0.5,1,0.965926,0.258819,3,1,"burst"
19,19,1,19,0.316667,1,1,0,0.052632,0.052632,4.247928,0.965926,-0.258819,7,1,"sybil"
27,13,1,13,0.45,1,1,1.41212,0.222222,0.222222,3.246404,0.707107,-0.707107,5,0,"normal"
32,9,1,9,0.533333,1,1,1.263429,0.46875,0.46875,2.469754,0.5,-0.866025,4,0,"normal"
31,12,1,12,0.516667,1,1,1.196755,0.193548,0.193548,3.207778,0.866025,-0.5,13,0,"normal"
10,5,1,5,0.166667,1,2,3.823256,0.4,0.4,2.121928,0.258819,0.965926,6,0,"normal"
14,6,1,6,0.233333,1,1,3.267194,0.357143,0.357143,2.263809,-0.258819,0.965926,9,0,"normal"
27,12,1,12,0.45,1,1,1.694055,0.222222,0.222222,3.278061,0.866025,-0.5,9,0,"normal"
7,6,1,6,0.116667,1,6,2.910708,0.285714,0.285714,2.521641,0.707107,0.707107,2,0,"normal"
10,6,1,6,0.166667,1,2,3.634539,0.4,0.4,2.321928,-0.5,0.866025,4,0,"normal"
30,11,1,11,0.5,1,1,2.075851,0.3,0.3,2.997417,0.866025,-0.5,12,0,"normal"
3,3,1,3,0.05,1,18,5.5,0.333333,0.333333,1.584963,-0.866025,-0.5,-19,0,"normal"
4,4,1,4,0.066667,1,10,2.160247,0.25,0.25,2,0.707107,0.707107,-1,0,"normal"
10,8,1,8,0.166667,1,2,3.022549,0.2,0.2,2.921928,-0.5,-0.866025,-20,0,"normal"
19,19,1,19,0.316667,1,1,0,0.052632,0.052632,4.247928,0.965926,-0.258819,7,1,"sybil"
4,4,1,4,0.066667,1,12,1.247219,0.25,0.25,2,-0.866025,0.5,-6,0,"normal"
4,2,1,2,0.066667,1,10,1.699673,0.75,0.75,0.811278,-0.866025,0.5,-6,0,"normal"
10,8,1,8,0.166667,1,3,3.644715,0.2,0.2,2.921928,-0.258819,-0.965926,-24,0,"normal"
7,2,1,2,0.116667,1,1,0.5,0.571429,0.571429,0.985228,0.707107,0.707107,2,1,"burst"
36,9,1,9,0.6,1,1,1.067517,0.305556,0.305556,2.741097,0.866025,-0.5,18,0,"normal"
3,2,1,2,0.05,1,1,0.5,0.666667,0.666667,0.918296,0.707107,0.707107,-2,1,"burst"
11,5,1,5,0.183333,1,1,3.655133,0.636364,0.636364,1.672933,0.5,0.866025,6,0,"normal"
33,11,1,11,0.55,1,1,1.052805,0.242424,0.242424,3.022302,0.707107,-0.707107,11,0,"normal"
24,1,1,1,0.4,1,2,0,1,1,0,-0.5,0.866025,18,1,"ddos"
23,5,1,5,0.383333,1,1,1.414214,0.434783,0.434783,1.634929,0.866025,0.5,19,1,"burst"
29,11,1,11,0.483333,1,1,0.963624,0.241379,0.241379,3.150195,0.258819,-0.965926,-3,0,"normal"
22,8,1,8,0.366667,1,1,1.55766,0.227273,0.227273,2.824242,0.5,-0.866025,-6,0,"normal"
7,4,1,4,0.116667,1,2,9.539392,0.571429,0.571429,1.664498,0.258819,0.965926,3,0,"normal"
24,13,1,13,0.4,1,1,1.929769,0.291667,0.291667,3.266151,0.965926,-0.258819,12,0,"normal"
13,4,1,4,0.216667,1,1,5.423713,0.538462,0.538462,1.573402,-0.707107,0.707107,5,0,"normal"
31,13,1,13,0.516667,1,1,1.139688,0.290323,0.290323,3.247943,0.965926,-0.258819,19,0,"normal"
4,4,1,4,0.066667,1,9,7.874008,0.25,0.25,2,0.965926,0.258819,-1,0,"normal"
6,6,1,6,0.1,1,6,1.496663,0.166667,0.166667,2.584963,0.707107,0.707107,1,0,"normal"
3,3,1,3,0.05,1,14,4,0.333333,0.333333,1.584963,-0.965926,0.258819,-9,0,"normal"
6,6,1,6,0.1,1,7,2.8,0.166667,0.166667,2.584963,0.707107,0.707107,1,0,"normal"
25,1,1,1,0.416667,1,2,0,1,1,0,-0.5,0.866025,19,1,"ddos"
11,10,1,10,0.183333,1,2,1.910497,0.181818,0.181818,3.277613,-0.5,-0.866025,-19,0,"normal"
3,3,1,3,0.05,1,20,4,0.333333,0.333333,1.584963,-0.866025,0.5,-7,0,"normal"
9,6,1,6,0.15,1,2,2.642797,0.222222,0.222222,2.503258,-0.5,-0.866025,-21,0,"normal"
13,4,1,4,0.216667,1,1,4.377975,0.615385,0.615385,1.488525,0.258819,0.965926,9,0,"normal"
10,7,1,7,0.166667,1,2,2.905933,0.2,0.2,2.721928,-0.707107,-0.707107,-16,0,"normal"
8,8,1,8,0.133333,1,1,0,0.125,0.125,3,0.965926,-0.258819,-4,1,"sybil"
19,5,1,5,0.316667,1,1,1.707825,0.421053,0.421053,1.721612,0.866025,0.5,15,1,"burst"
5,5,1,5,0.083333,1,1,1.920286,0.2,0.2,2.321928,0.866025,0.5,1,1,"burst"
25,1,1,1,0.416667,1,2,0,1,1,0,-0.258819,0.965926,20,1,"ddos"
5,1,1,1,0.083333,1,2,0,1,1,0,0,1,1,1,"ddos"
8,2,1,2,0.133333,1,1,0.494872,0.5,0.5,1,0.866025,0.5,4,1,"burst"
5,5,1,5,0.083333,1,6,3.897114,0.2,0.2,2.321928,0.707107,0.707107,0,0,"normal"
20,2,1,2,0.333333,1,1,0.499307,0.5,0.5,1,0.866025,0.5,16,1,"burst"
3,3,1,3,0.05,1,10,17,0.333333,0.333333,1.584963,-1,0,-12,0,"normal"
3,3,1,3,0.05,1,24,1,0.333333,0.333333,1.584963,-1,0,-12,0,"normal"
14,6,1,6,0.233333,1,1,3.964338,0.571429,0.571429,1.950212,0.258819,0.965926,10,0,"normal"
4,3,1,3,0.066667,1,11,4.921608,0.5,0.5,1.5,-0.866025,-0.5,-18,0,"normal"
24,1,1,1,0.4,1,2,0,1,1,0,-0.707107,0.707107,16,1,"ddos"
11,11,1,11,0.183333,1,4,1.2,0.090909,0.090909,3.459432,-0.866025,-0.5,-11,0,"normal"
5,1,1,1,0.083333,1,2,0,1,1,0,-0.258819,0.965926,0,1,"ddos"
4,3,1,3,0.066667,1,9,5.557777,0.5,0.5,1.5,1,0,-4,0,"normal"
33,12,1,12,0.55,1,1,1.148623,0.151515,0.151515,3.385938,0.965926,-0.258819,21,0,"normal"
20,2,1,2,0.333333,1,1,0.499307,0.5,0.5,1,0.866025,0.5,16,1,"burst"
11,9,1,9,0.183333,1,3,2.441311,0.181818,0.181818,3.095795,-0.5,-0.866025,-19,0,"normal"
19,19,1,19,0.316667,1,1,0,0.052632,0.052632,4.247928,1,0,11,1,"sybil"
5,4,1,4,0.083333,1,2,10.940178,0.4,0.4,1.921928,0,1,1,0,"normal"
9,7,1,7,0.15,1,2,3.905125,0.222222,0.222222,2.725481,-0.258819,-0.965926,-25,0,"normal"
26,11,1,11,0.433333,1,1,1.24964,0.192308,0.192308,3.243736,0.965926,-0.258819,14,0,"normal"
7,5,1,5,0.116667,1,6,2.211083,0.285714,0.285714,2.235926,0.866025,0.5,3,0,"normal"
