tx_hash,block,from_address,to_address,value,gas_limit,gas_used,gas_ratio,nonce,input_length,status,label
d6888f4361f0084f27b87db919d6ce9f812629334d4a6426d663b3c3bc5d87f7,10265099,0xdAa02d3e474fEED40D79Aa2690BFa53d3A46F51E,0xcE4a34A5309D32946d3a0e7eefE22A0450eb221D,0,30502,27693,0.907907678185037,16,0,1,0
7cdf0efccb0829e60f989c20e7fc4c560817503dd83d8ecd73b52dcef642dba8,10237968,0xdAa02d3e474fEED40D79Aa2690BFa53d3A46F51E,0xcE4a34A5309D32946d3a0e7eefE22A0450eb221D,0,30502,27693,0.907907678185037,14,0,1,0
e77ec17e9118e175e8615d430a35dbfa2e346fc0ec0fb8a105366fd00e13654c,10237947,0xdAa02d3e474fEED40D79Aa2690BFa53d3A46F51E,,0,1365724,1353812,0.9912778863079217,13,0,1,0
3cf0958f9b8069f6a194464d8fd33c1da810fff6f3e942d9f4f74b197b2099b6,10238060,0xdAa02d3e474fEED40D79Aa2690BFa53d3A46F51E,0xcE4a34A5309D32946d3a0e7eefE22A0450eb221D,0,30490,27681,0.9078714332568055,15,0,1,0
d6888f4361f0084f27b87db919d6ce9f812629334d4a6426d663b3c3bc5d87f7,10265099,0xdAa02d3e474fEED40D79Aa2690BFa53d3A46F51E,0xcE4a34A5309D32946d3a0e7eefE22A0450eb221D,0,30502,27693,0.907907678185037,16,0,1,0
