value,gas_limit,gas_used,gas_ratio,input_length,label
0,339001,36091,0.1064628127940625,78.0,1
0,30502,27693,0.907907678185037,0.0,0
0,30502,27693,0.907907678185037,0.0,0
0,210139,35963,0.1711391031650479,70.0,1
0,214097,36555,0.1707403653484168,107.0,1
0,30490,27681,0.9078714332568056,0.0,0
0,262213,36203,0.13806714388684,85.0,1
0,268528,36171,0.1347010367633915,83.0,1
0,1365724,1353812,0.9912778863079216,0.0,0
0,30502,27693,0.907907678185037,0.0,0
